id,name_en,name_zh,generation_id,type_id,power,pp,accuracy,priority,target_id,damage_class_id,effect_id,effect_chance,description
1,pound,拍击,1,1,40,35,100,0,10,2,1,,"使用长长的尾巴或手等
拍打对手进行攻击。"
2,karate-chop,空手劈,1,2,50,25,100,0,10,2,44,,"无法使用这个招式。
虽然忘记之后就再也想不起来了，
但还是建议忘记这个招式。"
3,double-slap,连环巴掌,1,1,15,10,85,0,10,2,30,,"无法使用这个招式。
虽然忘记之后就再也想不起来了，
但还是建议忘记这个招式。"
4,comet-punch,连续拳,1,1,18,15,85,0,10,2,30,,"无法使用这个招式。
虽然忘记之后就再也想不起来了，
但还是建议忘记这个招式。"
5,mega-punch,百万吨重拳,1,1,80,20,85,0,10,2,1,,用充满力量的拳头攻击对手。
6,pay-day,聚宝功,1,1,40,20,100,0,10,2,35,,"向对手的身体
投掷小金币进行攻击。
战斗后可以拿到钱。"
7,fire-punch,火焰拳,1,10,75,15,100,0,10,2,5,10,"用充满火焰的拳头攻击对手。
有时会让对手陷入灼伤状态。"
8,ice-punch,冰冻拳,1,15,75,15,100,0,10,2,6,10,"用充满寒气的拳头攻击对手。
有时会让对手陷入冰冻状态。"
9,thunder-punch,雷电拳,1,13,75,15,100,0,10,2,7,10,"用充满电流的拳头攻击对手。
有时会让对手陷入麻痹状态。"
10,scratch,抓,1,1,40,35,100,0,10,2,1,,"用坚硬且无比锋利的爪子
抓对手进行攻击。"
11,vice-grip,夹住,1,1,55,30,100,0,10,2,1,,"将对手从两侧夹住，
给予伤害。"
12,guillotine,断头钳,1,1,,5,30,0,10,2,39,,"用大钳子或剪刀等
夹断对手进行攻击。
只要命中就会一击濒死。"
13,razor-wind,旋风刀,1,1,80,10,100,0,11,3,40,,"无法使用这个招式。
虽然忘记之后就再也想不起来了，
但还是建议忘记这个招式。"
14,swords-dance,剑舞,1,1,,20,,0,7,1,51,,"激烈地跳起战舞提高气势。
大幅提高自己的攻击。"
15,cut,居合斩,1,1,50,30,95,0,10,2,1,,"用镰刀或爪子等
切斩对手进行攻击。"
16,gust,起风,1,3,40,35,100,0,10,3,150,,"用翅膀将刮起的狂风
袭向对手进行攻击。"
17,wing-attack,翅膀攻击,1,3,60,35,100,0,10,2,1,,"大大地展开美丽的翅膀，
将其撞向对手进行攻击。"
18,whirlwind,吹飞,1,1,,20,,-6,10,1,29,,"吹飞对手，强制拉后备宝可梦上场。
如果对手为野生宝可梦，
战斗将直接结束。"
19,fly,飞翔,1,3,90,15,95,0,10,2,156,,"第１回合飞上天空，
第２回合攻击对手。"
20,bind,绑紧,1,1,15,20,85,0,10,2,43,100,"使用长长的身体或藤蔓等，
在４～５回合内
绑紧对手进行攻击。"
21,slam,摔打,1,1,80,20,75,0,10,2,1,,"使用长长的尾巴或藤蔓等
摔打对手进行攻击。"
22,vine-whip,藤鞭,1,12,45,25,100,0,10,2,1,,"用如同鞭子般弯曲而细长的藤蔓
摔打对手进行攻击。"
23,stomp,踩踏,1,1,65,20,100,0,10,2,151,30,"用大脚踩踏对手进行攻击。
有时会使对手畏缩。"
24,double-kick,二连踢,1,2,30,30,100,0,10,2,45,,"用２只脚踢飞对手进行攻击。
连续２次给予伤害。"
25,mega-kick,百万吨重踢,1,1,120,5,75,0,10,2,1,,"使出力大无穷的重踢
踢飞对手进行攻击。"
26,jump-kick,飞踢,1,2,100,10,95,0,10,2,46,,"无法使用这个招式。
虽然忘记之后就再也想不起来了，
但还是建议忘记这个招式。"
27,rolling-kick,回旋踢,1,2,60,15,85,0,10,2,32,30,"无法使用这个招式。
虽然忘记之后就再也想不起来了，
但还是建议忘记这个招式。"
28,sand-attack,泼沙,1,5,,15,100,0,10,1,24,,"向对手脸上泼沙子，
从而降低命中率。"
29,headbutt,头锤,1,1,70,15,100,0,10,2,32,30,"将头伸出，
笔直地扑向对手进行攻击。
有时会使对手畏缩。"
30,horn-attack,角撞,1,1,65,25,100,0,10,2,1,,用尖锐的角攻击对手。
31,fury-attack,乱击,1,1,15,20,85,0,10,2,30,,"用角或喙
刺向对手进行攻击。
连续攻击２～５次。"
32,horn-drill,角钻,1,1,,5,30,0,10,2,39,,"用旋转的角
刺入对手进行攻击。
只要命中就会一击濒死。"
33,tackle,撞击,1,1,40,35,100,0,10,2,1,,"用整个身体
撞向对手进行攻击。"
34,body-slam,泰山压顶,1,1,85,15,100,0,10,2,7,30,"用整个身体
压住对手进行攻击。
有时会让对手陷入麻痹状态。"
35,wrap,紧束,1,1,15,20,90,0,10,2,43,100,"使用长长的身体或藤蔓等，
在４～５回合内
紧束对手进行攻击。"
36,take-down,猛撞,1,1,90,20,85,0,10,2,49,,"以惊人的气势
撞向对手进行攻击。
自己也会受到少许伤害。"
37,thrash,大闹一番,1,1,120,10,100,0,8,2,28,,"在２～３回合内，
乱打一气地攻击对手。
大闹一番后自己会陷入混乱。"
38,double-edge,舍身冲撞,1,1,120,15,100,0,10,2,199,,"拼命地猛撞向对手进行攻击。
自己也会受到不小的伤害。"
39,tail-whip,摇尾巴,1,1,,30,100,0,11,1,20,,"可爱地左右摇晃尾巴，
诱使对手疏忽大意。
会降低对手的防御。"
40,poison-sting,毒针,1,4,15,35,100,0,10,2,3,30,"将有毒的针
刺入对手进行攻击。
有时会让对手陷入中毒状态。"
41,twineedle,双针,1,7,25,20,100,0,10,2,78,20,"无法使用这个招式。
虽然忘记之后就再也想不起来了，
但还是建议忘记这个招式。"
42,pin-missile,飞弹针,1,7,25,20,95,0,10,2,30,,"向对手发射
锐针进行攻击。
连续攻击２～５次。"
43,leer,瞪眼,1,1,,30,100,0,11,1,20,100,"用犀利的眼神使其害怕，
从而降低对手的防御。"
44,bite,咬住,1,17,60,25,100,0,10,2,32,30,"用尖锐的牙
咬住对手进行攻击。
有时会使对手畏缩。"
45,growl,叫声,1,1,,40,100,0,11,1,19,,"让对手听可爱的叫声，
引开注意力使其疏忽，
从而降低对手的攻击。"
46,roar,吼叫,1,1,,20,,-6,10,1,29,,"放走对手，强制拉后备宝可梦上场。
如果对手为野生宝可梦，
战斗将直接结束。"
47,sing,唱歌,1,1,,15,55,0,10,1,2,,"让对手听舒适、
美妙的歌声，
从而陷入睡眠状态。"
48,supersonic,超音波,1,1,,20,55,0,10,1,50,,"从身体发出
特殊的音波，
从而使对手混乱。"
49,sonic-boom,音爆,1,1,,20,90,0,10,3,131,,"无法使用这个招式。
虽然忘记之后就再也想不起来了，
但还是建议忘记这个招式。"
50,disable,定身法,1,1,,20,100,0,10,1,87,,"阻碍对手行动，
之前使出的招式
将在４回合内无法使用。"
51,acid,溶解液,1,4,40,30,100,0,11,3,73,10,"将强酸泼向对手进行攻击。
有时会降低对手的特防。"
52,ember,火花,1,10,40,25,100,0,10,3,5,10,"向对手发射
小型火焰进行攻击。
有时会让对手陷入灼伤状态。"
53,flamethrower,喷射火焰,1,10,90,15,100,0,10,3,5,10,"向对手发射
烈焰进行攻击。
有时会让对手陷入灼伤状态。"
54,mist,白雾,1,15,,30,,0,4,1,47,,"用白雾覆盖身体。
在５回合内不会让对手
降低自己的能力。"
55,water-gun,水枪,1,11,40,25,100,0,10,3,1,,"向对手猛烈地喷射
水流进行攻击。"
56,hydro-pump,水炮,1,11,110,5,80,0,10,3,1,,"向对手猛烈地喷射
大量水流进行攻击。"
57,surf,冲浪,1,11,90,15,100,0,9,3,258,,"利用大浪
攻击自己周围所有的宝可梦。"
58,ice-beam,冰冻光束,1,15,90,10,100,0,10,3,6,10,"向对手发射
冰冻光束进行攻击。
有时会让对手陷入冰冻状态。"
59,blizzard,暴风雪,1,15,110,5,70,0,11,3,261,10,"将猛烈的暴风雪
刮向对手进行攻击。
有时会让对手陷入冰冻状态。"
60,psybeam,幻象光线,1,14,65,20,100,0,10,3,77,10,"向对手发射
神奇的光线进行攻击。
有时会使对手混乱。"
61,bubble-beam,泡沫光线,1,11,65,20,100,0,10,3,71,10,"向对手猛烈地喷射
泡沫进行攻击。
有时会降低对手的速度。"
62,aurora-beam,极光束,1,15,65,20,100,0,10,3,69,10,"向对手发射
虹色光束进行攻击。
有时会降低对手的攻击。"
63,hyper-beam,破坏光线,1,1,150,5,90,0,10,3,81,,"向对手发射
强烈的光线进行攻击。
下一回合自己将无法动弹。"
64,peck,啄,1,3,35,35,100,0,10,2,1,,"用尖锐的喙或角
刺向对手进行攻击。"
65,drill-peck,啄钻,1,3,80,20,100,0,10,2,1,,"一边旋转，一边将尖喙
刺入对手进行攻击。"
66,submission,地狱翻滚,1,2,80,20,80,0,10,2,49,,"将对手连同自己一起
摔向地面进行攻击。
自己也会受到少许伤害。"
67,low-kick,踢倒,1,2,,20,100,0,10,2,197,,"用力踢对手的脚，
使其摔倒进行攻击。
对手越重，威力越大。"
68,counter,双倍奉还,1,2,,20,100,-5,1,2,90,,"从对手那里受到
物理攻击的伤害将以
２倍返还给同一个对手。"
69,seismic-toss,地球上投,1,2,,20,100,0,10,2,88,,"利用引力将对手甩飞出去。
给予对手和自己等级相同的伤害。"
70,strength,怪力,1,1,80,15,100,0,10,2,1,,"使出浑身力气
殴打对手进行攻击。"
71,absorb,吸取,1,12,20,25,100,0,10,3,4,,"吸取对手的养分进行攻击。
可以回复给予对手
伤害的一半ＨＰ。"
72,mega-drain,超级吸取,1,12,40,15,100,0,10,3,4,,"吸取对手的养分进行攻击。
可以回复给予对手
伤害的一半ＨＰ。"
73,leech-seed,寄生种子,1,12,,10,90,0,10,1,85,,"植入寄生种子后，将在每回合
一点一点吸取对手的ＨＰ，
从而用来回复自己的ＨＰ。"
74,growth,生长,1,1,,20,,0,7,1,317,,"让身体一下子长大，
从而提高攻击和特攻。"
75,razor-leaf,飞叶快刀,1,12,55,25,95,0,11,2,44,,"飞出叶片，
切斩对手进行攻击。
容易击中要害。"
76,solar-beam,日光束,1,12,120,10,100,0,10,3,152,,"第１回合收集满满的日光，
第２回合发射光束进行攻击。"
77,poison-powder,毒粉,1,4,,35,75,0,10,1,67,,"撒出毒粉，
从而让对手陷入中毒状态。"
78,stun-spore,麻痹粉,1,12,,30,75,0,10,1,68,,"撒出麻痹粉，
从而让对手陷入麻痹状态。"
79,sleep-powder,催眠粉,1,12,,15,75,0,10,1,2,,"撒出催眠粉，
从而让对手陷入睡眠状态。"
80,petal-dance,花瓣舞,1,12,120,10,100,0,8,3,28,,"在２～３回合内，
散落花瓣攻击对手。
之后自己会陷入混乱。"
81,string-shot,吐丝,1,7,,40,95,0,11,1,61,,"用口中吐出的丝缠绕对手，
从而大幅降低对手的速度。"
82,dragon-rage,龙之怒,1,16,,10,100,0,10,3,42,,"无法使用这个招式。
虽然忘记之后就再也想不起来了，
但还是建议忘记这个招式。"
83,fire-spin,火焰旋涡,1,10,35,15,85,0,10,3,43,100,"将对手困在
激烈的火焰旋涡中，
在４～５回合内进行攻击。"
84,thunder-shock,电击,1,13,40,30,100,0,10,3,7,10,"发出电流刺激对手进行攻击。
有时会让对手陷入麻痹状态。"
85,thunderbolt,十万伏特,1,13,90,15,100,0,10,3,7,10,"向对手发出
强力电击进行攻击。
有时会让对手陷入麻痹状态。"
86,thunder-wave,电磁波,1,13,,20,90,0,10,1,68,,"向对手发出
微弱的电击，
从而让对手陷入麻痹状态。"
87,thunder,打雷,1,13,110,10,70,0,10,3,153,30,"向对手劈下暴雷进行攻击。
有时会让对手陷入麻痹状态。"
88,rock-throw,落石,1,6,50,15,90,0,10,2,1,,"拿起小岩石，
投掷对手进行攻击。"
89,earthquake,地震,1,5,100,10,100,0,9,2,148,,"利用地震的冲击，
攻击自己周围所有的宝可梦。"
90,fissure,地裂,1,5,,5,30,0,10,2,39,,"让对手掉落于地裂的
裂缝中进行攻击。
只要命中就会一击濒死。"
91,dig,挖洞,1,5,80,10,100,0,10,2,257,,"第１回合钻入，
第２回合攻击对手。"
92,toxic,剧毒,1,4,,10,90,0,10,1,34,,"让对手陷入剧毒状态。
随着回合的推进，
中毒伤害会增加。"
93,confusion,念力,1,14,50,25,100,0,10,3,77,10,"向对手发送
微弱的念力进行攻击。
有时会使对手混乱。"
94,psychic,精神强念,1,14,90,10,100,0,10,3,73,10,"向对手发送
强大的念力进行攻击。
有时会降低对手的特防。"
95,hypnosis,催眠术,1,14,,20,60,0,10,1,2,,"施以诱导睡意的暗示，
让对手陷入睡眠状态。"
96,meditate,瑜伽姿势,1,14,,40,,0,7,1,11,,"无法使用这个招式。
虽然忘记之后就再也想不起来了，
但还是建议忘记这个招式。"
97,agility,高速移动,1,14,,30,,0,7,1,53,,"让身体放松变得轻盈，
以便高速移动。
大幅提高自己的速度。"
98,quick-attack,电光一闪,1,1,40,30,100,1,10,2,104,,"以迅雷不及掩耳之势扑向对手。
必定能够先制攻击。"
99,rage,愤怒,1,1,20,20,100,0,10,2,82,,"无法使用这个招式。
虽然忘记之后就再也想不起来了，
但还是建议忘记这个招式。"
100,teleport,瞬间移动,1,14,,20,,-6,7,1,154,,"当有后备宝可梦在时，
如果使用就可以进行替换。
野生的宝可梦会逃走。"
101,night-shade,黑夜魔影,1,8,,15,100,0,10,3,88,,"显示恐怖幻影，
只给予对手
和自己等级相同的伤害。"
102,mimic,模仿,1,1,,10,,0,10,1,83,,"可以将对手
最后使用的招式，
在战斗内变成自己的招式。"
103,screech,刺耳声,1,1,,40,85,0,10,1,60,,"发出不由自主想要
捂起耳朵的刺耳声，
从而大幅降低对手的防御。"
104,double-team,影子分身,1,1,,15,,0,7,1,17,,"通过快速移动来制造分身，
扰乱对手，从而提高闪避率。"
105,recover,自我再生,1,1,,5,,0,7,1,33,,"让细胞再生，
从而回复自己
最大ＨＰ的一半。"
106,harden,变硬,1,1,,30,,0,7,1,12,,"全身使劲，让身体变硬，
从而提高自己的防御。"
107,minimize,变小,1,1,,10,,0,7,1,109,,"蜷缩身体显得很小，
从而大幅提高
自己的闪避率。"
108,smokescreen,烟幕,1,1,,20,100,0,10,1,24,,"向对手喷出烟或墨汁等，
从而降低对手的命中率。"
109,confuse-ray,奇异之光,1,8,,10,100,0,10,1,50,,"显示奇怪的光，
扰乱对手。
使对手混乱。"
110,withdraw,缩入壳中,1,11,,40,,0,7,1,12,,"缩入壳里保护身体，
从而提高自己的防御。"
111,defense-curl,变圆,1,1,,40,,0,7,1,157,,"将身体蜷曲变圆，
从而提高自己的防御。"
112,barrier,屏障,1,14,,20,,0,7,1,52,,"无法使用这个招式。
虽然忘记之后就再也想不起来了，
但还是建议忘记这个招式。"
113,light-screen,光墙,1,14,,30,,0,4,1,36,,"利用神奇的墙壁，
在５回合内减弱从对手那里
受到的特殊攻击的伤害。"
114,haze,黑雾,1,15,,30,,0,12,1,26,,"升起黑雾，将正在场上战斗的
全体宝可梦的能力变回原点。"
115,reflect,反射壁,1,14,,20,,0,4,1,66,,"利用神奇的墙壁，
在５回合内减弱从对手那里
受到的物理攻击的伤害。"
116,focus-energy,聚气,1,1,,30,,0,7,1,48,,"深深地吸口气，集中精神。
自己的攻击
会变得容易击中要害。"
117,bide,忍耐,1,1,,10,,1,7,2,27,,"无法使用这个招式。
虽然忘记之后就再也想不起来了，
但还是建议忘记这个招式。"
118,metronome,挥指,1,1,,10,,0,7,1,84,,"挥动手指刺激自己的大脑，
从所有的招式中
任意使出１个。"
119,mirror-move,鹦鹉学舌,1,3,,20,,0,10,1,10,,"无法使用这个招式。
虽然忘记之后就再也想不起来了，
但还是建议忘记这个招式。"
120,self-destruct,自爆,1,1,200,5,100,0,9,2,8,,"引发爆炸，
攻击自己周围所有的宝可梦。
使用后陷入濒死。"
121,egg-bomb,炸蛋,1,1,100,10,75,0,10,2,1,,"无法使用这个招式。
虽然忘记之后就再也想不起来了，
但还是建议忘记这个招式。"
122,lick,舌舔,1,8,30,30,100,0,10,2,7,30,"用长长的舌头，
舔遍对手进行攻击。
有时会让对手陷入麻痹状态。"
123,smog,浊雾,1,4,30,20,70,0,10,3,3,40,"将肮脏的浓雾
吹向对手进行攻击。
有时会让对手陷入中毒状态。"
124,sludge,污泥攻击,1,4,65,20,100,0,10,3,3,30,"用污泥投掷对手进行攻击。
有时会让对手陷入中毒状态。"
125,bone-club,骨棒,1,5,65,20,85,0,10,2,32,10,"无法使用这个招式。
虽然忘记之后就再也想不起来了，
但还是建议忘记这个招式。"
126,fire-blast,大字爆炎,1,10,110,5,85,0,10,3,5,10,"用大字形状的火焰烧尽对手。
有时会让对手陷入灼伤状态。"
127,waterfall,攀瀑,1,11,80,15,100,0,10,2,32,20,"以惊人的气势扑向对手。
有时会使对手畏缩。"
128,clamp,贝壳夹击,1,11,35,15,85,0,10,2,43,100,"无法使用这个招式。
虽然忘记之后就再也想不起来了，
但还是建议忘记这个招式。"
129,swift,高速星星,1,1,60,20,,0,11,3,18,,"发射星形的光攻击对手。
攻击必定会命中。"
130,skull-bash,火箭头锤,1,1,130,10,100,0,10,2,146,100,"第１回合把头缩进去，
从而提高防御。
第２回合攻击对手。"
131,spike-cannon,尖刺加农炮,1,1,20,15,100,0,10,2,30,,"无法使用这个招式。
虽然忘记之后就再也想不起来了，
但还是建议忘记这个招式。"
132,constrict,缠绕,1,1,10,35,100,0,10,2,71,10,"无法使用这个招式。
虽然忘记之后就再也想不起来了，
但还是建议忘记这个招式。"
133,amnesia,瞬间失忆,1,14,,20,,0,7,1,55,,"将头脑清空，
瞬间忘记某事，
从而大幅提高自己的特防。"
134,kinesis,折弯汤匙,1,14,,15,80,0,10,1,24,,"折弯汤匙引开注意，
从而降低对手的命中率。"
135,soft-boiled,生蛋,1,1,,5,,0,7,1,33,,回复自己最大ＨＰ的一半。
136,high-jump-kick,飞膝踢,1,2,130,10,90,0,10,2,46,,"跳起后用膝盖撞对手进行攻击。
如果撞偏则自己会受到伤害。"
137,glare,大蛇瞪眼,1,1,,30,100,0,10,1,68,,"用腹部的花纹使对手害怕，
从而让其陷入麻痹状态。"
138,dream-eater,食梦,1,14,100,15,100,0,10,3,9,,"吃掉正在睡觉的对手的梦
进行攻击。回复对手
所受到伤害的一半ＨＰ。"
139,poison-gas,毒瓦斯,1,4,,40,90,0,11,1,67,,"将毒瓦斯吹到对手的脸上，
从而让对手陷入中毒状态。"
140,barrage,投球,1,1,15,20,85,0,10,2,30,,"无法使用这个招式。
虽然忘记之后就再也想不起来了，
但还是建议忘记这个招式。"
141,leech-life,吸血,1,7,80,10,100,0,10,2,4,,"吸取血液攻击对手。
可以回复给予对手
伤害的一半ＨＰ。"
142,lovely-kiss,恶魔之吻,1,1,,10,75,0,10,1,2,,"用恐怖的脸强吻对手。
让对手陷入睡眠状态。"
143,sky-attack,神鸟猛击,1,3,140,5,90,0,10,2,76,30,"第２回合攻击对手。
偶尔使对手畏缩。
也容易击中要害。"
144,transform,变身,1,1,,10,,0,10,1,58,,"变身成对手宝可梦的样子，
能够使用和对手
完全相同的招式。"
145,bubble,泡沫,1,11,40,30,100,0,11,3,71,10,"无法使用这个招式。
虽然忘记之后就再也想不起来了，
但还是建议忘记这个招式。"
146,dizzy-punch,迷昏拳,1,1,70,10,100,0,10,2,77,20,"无法使用这个招式。
虽然忘记之后就再也想不起来了，
但还是建议忘记这个招式。"
147,spore,蘑菇孢子,1,12,,15,100,0,10,1,2,,"沙沙沙地撒满具有
催眠效果的孢子，
从而让对手陷入睡眠状态。"
148,flash,闪光,1,1,,20,100,0,10,1,24,,"无法使用这个招式。
虽然忘记之后就再也想不起来了，
但还是建议忘记这个招式。"
149,psywave,精神波,1,14,,15,100,0,10,3,89,,"无法使用这个招式。
虽然忘记之后就再也想不起来了，
但还是建议忘记这个招式。"
150,splash,跃起,1,1,,40,,0,7,1,86,,"也不攻击只是一蹦一蹦地跳，
什么都不会发生……"
151,acid-armor,溶化,1,4,,20,,0,7,1,52,,"通过细胞的变化进行液化，
从而大幅提高自己的防御。"
152,crabhammer,蟹钳锤,1,11,100,10,90,0,10,2,44,,"用大钳子
敲打对手进行攻击。
容易击中要害。"
153,explosion,大爆炸,1,1,250,5,100,0,9,2,8,,"引发大爆炸，
攻击自己周围所有的宝可梦。
使用后自己会陷入濒死。"
154,fury-swipes,乱抓,1,1,18,15,80,0,10,2,30,,"用爪子或镰刀等
抓对手进行攻击。
连续攻击２～５次。"
155,bonemerang,骨头回力镖,1,5,50,10,90,0,10,2,45,,"用手中的骨头投掷对手，
来回连续２次给予伤害。"
156,rest,睡觉,1,14,,5,,0,7,1,38,,"连续睡上２回合。
回复自己的全部ＨＰ
以及治愈所有异常状态。"
157,rock-slide,岩崩,1,6,75,10,90,0,11,2,32,30,"将大岩石
猛烈地撞向对手进行攻击。
有时会使对手畏缩。"
158,hyper-fang,必杀门牙,1,1,80,15,90,0,10,2,32,10,"用锋利的门牙
牢牢地咬住对手进行攻击。
有时会使对手畏缩。"
159,sharpen,棱角化,1,1,,30,,0,7,1,11,,"无法使用这个招式。
虽然忘记之后就再也想不起来了，
但还是建议忘记这个招式。"
160,conversion,纹理,1,1,,30,,0,7,1,31,,"将自己的属性转换成
和已学会的招式中
第一个招式相同的属性。"
161,tri-attack,三重攻击,1,1,80,10,100,0,10,3,37,20,"用３种光线进行攻击。
有时会让对手陷入
麻痹、灼伤或冰冻的状态。"
162,super-fang,愤怒门牙,1,1,,10,90,0,10,2,41,,"用锋利的门牙
猛烈地咬住对手进行攻击。
对手的ＨＰ减半。"
163,slash,劈开,1,1,70,20,100,0,10,2,44,,"用爪子或镰刀等
劈开对手进行攻击。
容易击中要害。"
164,substitute,替身,1,1,,10,,0,7,1,80,,"削减少许自己的ＨＰ，
制造分身。
分身将成为自己的替身。"
165,struggle,挣扎,1,1,50,1,,0,8,2,255,,"当自己的ＰＰ耗尽时，
努力挣扎攻击对手。
自己也会受到少许伤害。"
166,sketch,写生,2,1,,1,,0,10,1,96,,"将对手使用的招式
变成自己的招式。
使用１次后写生消失。"
167,triple-kick,三连踢,2,2,10,10,90,0,10,2,105,,"连续３次踢对手进行攻击。
每踢中一次，威力就会提高。"
168,thief,小偷,2,17,60,25,100,0,10,2,106,,"攻击的同时盗取道具。
当自己携带道具时，
不会去盗取。"
169,spider-web,蛛网,2,7,,10,,0,10,1,107,,"无法使用这个招式。
虽然忘记之后就再也想不起来了，
但还是建议忘记这个招式。"
170,mind-reader,心之眼,2,1,,5,,0,10,1,95,,"用心感受对手的行动，
下次攻击必定
会击中对手。"
171,nightmare,恶梦,2,8,,15,100,0,10,1,108,,"无法使用这个招式。
虽然忘记之后就再也想不起来了，
但还是建议忘记这个招式。"
172,flame-wheel,火焰轮,2,10,60,25,100,0,10,2,126,10,"让火焰覆盖全身，
猛撞向对手进行攻击。
有时会让对手陷入灼伤状态。"
173,snore,打鼾,2,1,50,15,100,0,10,3,93,30,"在自己睡觉时，
发出噪音进行攻击。
有时会使对手畏缩。"
174,curse,诅咒,2,8,,10,,0,1,1,110,,"使用该招式的宝可梦，
其属性是幽灵属性或其他属性时，
效果会不一样。"
175,flail,抓狂,2,1,,15,100,0,10,2,100,,"抓狂般乱打进行攻击。
自己的ＨＰ越少，
招式的威力越大。"
176,conversion-2,纹理２,2,1,,30,,0,10,1,94,,"为了可以抵抗对手
最后使用的招式，
从而使自己的属性发生变化。"
177,aeroblast,气旋攻击,2,3,100,5,95,0,10,3,44,,"发射空气旋涡
进行攻击。
容易击中要害。"
178,cotton-spore,棉孢子,2,12,,40,100,0,11,1,61,,"将棉花般柔软的孢子
紧贴对手，
从而大幅降低对手的速度。"
179,reversal,起死回生,2,2,,15,100,0,10,2,100,,"竭尽全力进行攻击。
自己的ＨＰ越少，
招式的威力越大。"
180,spite,怨恨,2,8,,10,100,0,10,1,101,,"对对手最后使用的招式
怀有怨恨，
减少４ＰＰ该招式。"
181,powder-snow,细雪,2,15,40,25,100,0,11,3,6,10,"将冰冷的细雪
吹向对手进行攻击。
有时会让对手陷入冰冻状态。"
182,protect,守住,2,1,,10,,4,7,1,112,,"完全抵挡
对手的攻击。
连续使出则容易失败。"
183,mach-punch,音速拳,2,2,40,30,100,1,10,2,104,,"以迅雷不及掩耳之势出拳。
必定能够先制攻击。"
184,scary-face,鬼面,2,1,,10,100,0,10,1,61,,"用恐怖的表情瞪着对手，
使其害怕，
从而大幅降低对手的速度。"
185,feint-attack,出奇一击,2,17,60,20,,0,10,2,18,,"无法使用这个招式。
虽然忘记之后就再也想不起来了，
但还是建议忘记这个招式。"
186,sweet-kiss,天使之吻,2,18,,10,75,0,10,1,50,,"像天使般可爱地亲吻对手，
从而使对手混乱。"
187,belly-drum,腹鼓,2,1,,10,,0,7,1,143,,"将自己的ＨＰ减少到
最大ＨＰ的一半，
从而最大限度提高自己的攻击。"
188,sludge-bomb,污泥炸弹,2,4,90,10,100,0,10,3,3,30,"用污泥投掷对手进行攻击。
有时会让对手陷入中毒状态。"
189,mud-slap,掷泥,2,5,20,10,100,0,10,3,74,100,"向对手的脸等
投掷泥块进行攻击。
会降低对手的命中率。"
190,octazooka,章鱼桶炮,2,11,65,10,85,0,10,3,74,50,"向对手的脸等
喷出墨汁进行攻击。
有时会降低对手的命中率。"
191,spikes,撒菱,2,5,,20,,0,6,1,113,,"在对手的脚下扔撒菱。
对替换出场的对手的宝可梦
给予伤害。"
192,zap-cannon,电磁炮,2,13,120,5,50,0,10,3,7,100,"发射大炮一样的
电流进行攻击。
让对手陷入麻痹状态。"
193,foresight,识破,2,1,,40,,0,10,1,114,,"无法使用这个招式。
虽然忘记之后就再也想不起来了，
但还是建议忘记这个招式。"
194,destiny-bond,同命,2,8,,5,,0,7,1,99,,"使出招式后，当受到对手攻击
陷入濒死时，对手也会一同濒死。
连续使出则会失败。"
195,perish-song,灭亡之歌,2,1,,5,,0,14,1,115,,"倾听歌声的宝可梦
经过３回合陷入濒死。
替换后效果消失。"
196,icy-wind,冰冻之风,2,15,55,15,95,0,11,3,71,100,"将结冰的冷气
吹向对手进行攻击。
会降低对手的速度。"
197,detect,看穿,2,2,,5,,4,7,1,112,,"完全抵挡
对手的攻击。
连续使出则容易失败。"
198,bone-rush,骨棒乱打,2,5,25,10,90,0,10,2,30,,"用坚硬的骨头
殴打对手进行攻击。
连续攻击２～５次。"
199,lock-on,锁定,2,1,,5,,0,10,1,95,,"紧紧瞄准对手，
下次攻击必定会打中。"
200,outrage,逆鳞,2,16,120,10,100,0,8,2,28,,"在２～３回合内，
乱打一气地进行攻击。
大闹一番后自己会陷入混乱。"
201,sandstorm,沙暴,2,6,,10,,0,12,1,116,,"在５回合内扬起沙暴，除岩石、地面和
钢属性以外的宝可梦，都会受到伤害。
岩石属性的特防还会提高。"
202,giga-drain,终极吸取,2,12,75,10,100,0,10,3,4,,"吸取对手的养分进行攻击。
可以回复给予对手
伤害的一半ＨＰ。"
203,endure,挺住,2,1,,10,,4,7,1,117,,"即使受到攻击，
也至少会留下１ＨＰ。
连续使出则容易失败。"
204,charm,撒娇,2,18,,20,100,0,10,1,59,,"可爱地凝视，
诱使对手疏忽大意，
从而大幅降低对手的攻击。"
205,rollout,滚动,2,6,30,20,90,0,10,2,118,,"在５回合内连续滚动攻击对手。
招式每次击中，威力就会提高。"
206,false-swipe,点到为止,2,1,40,40,100,0,10,2,102,,"对手的ＨＰ
至少会留下１ＨＰ，
如此般手下留情地攻击。"
207,swagger,虚张声势,2,1,,15,85,0,10,1,119,,"激怒对手，使其混乱。
因为愤怒，对手的攻击
会大幅提高。"
208,milk-drink,喝牛奶,2,1,,5,,0,7,1,33,,回复自己最大ＨＰ的一半。
209,spark,电光,2,13,65,20,100,0,10,2,7,30,"让电流覆盖全身，
猛撞向对手进行攻击。
有时会让对手陷入麻痹状态。"
210,fury-cutter,连斩,2,7,40,20,95,0,10,2,120,,"用镰刀或爪子等
切斩对手进行攻击。
连续击中，威力就会提高。"
211,steel-wing,钢翼,2,9,70,25,90,0,10,2,139,10,"用坚硬的翅膀敲打
对手进行攻击。
有时会提高自己的防御。"
212,mean-look,黑色目光,2,1,,5,,0,10,1,107,,"用好似要勾人心魂的黑色目光
一动不动地凝视对手，
使其不能从战斗中逃走。"
213,attract,迷人,2,1,,15,100,0,10,1,121,,"♂诱惑♀或♀诱惑♂，
让对手着迷。
对手将很难使出招式。"
214,sleep-talk,梦话,2,1,,10,,0,7,1,98,,"从自己已学会的招式中
任意使出１个。
只能在自己睡觉时使用。"
215,heal-bell,治愈铃声,2,1,,5,,0,13,1,103,,"让同伴听舒适的铃音，
从而治愈我方全员的异常状态。"
216,return,报恩,2,1,,20,100,0,10,2,122,,"无法使用这个招式。
虽然忘记之后就再也想不起来了，
但还是建议忘记这个招式。"
217,present,礼物,2,1,,15,90,0,10,2,123,,"递给对手设有圈套的
盒子进行攻击。
也有可能回复对手ＨＰ。"
218,frustration,迁怒,2,1,,20,100,0,10,2,124,,"无法使用这个招式。
虽然忘记之后就再也想不起来了，
但还是建议忘记这个招式。"
219,safeguard,神秘守护,2,1,,25,,0,4,1,125,,"在５回合内
被神奇的力量守护，
从而不会陷入异常状态。"
220,pain-split,分担痛楚,2,1,,20,,0,10,1,92,,"将自己的ＨＰ和
对手的ＨＰ相加，
然后自己和对手友好地平分。"
221,sacred-fire,神圣之火,2,10,100,5,95,0,10,2,126,50,"用神秘的火焰
烧尽对手进行攻击。
有时会让对手陷入灼伤状态。"
222,magnitude,震级,2,5,,30,100,0,9,2,127,,"无法使用这个招式。
虽然忘记之后就再也想不起来了，
但还是建议忘记这个招式。"
223,dynamic-punch,爆裂拳,2,2,100,5,50,0,10,2,77,100,"使出浑身力气出拳进行攻击。
必定会使对手混乱。"
224,megahorn,超级角击,2,7,120,10,85,0,10,2,1,,"用坚硬且华丽的角狠狠地
刺入对手进行攻击。"
225,dragon-breath,龙息,2,16,60,20,100,0,10,3,7,30,"将强烈的气息
吹向对手进行攻击。
有时会让对手陷入麻痹状态。"
226,baton-pass,接棒,2,1,,40,,0,7,1,128,,"和后备宝可梦进行替换。
换上的宝可梦能直接继承
其能力的变化。"
227,encore,再来一次,2,1,,5,100,0,10,1,91,,"让对手接受再来一次，
连续３次使出最后使用的招式。"
228,pursuit,追打,2,17,40,20,100,0,10,2,129,,"无法使用这个招式。
虽然忘记之后就再也想不起来了，
但还是建议忘记这个招式。"
229,rapid-spin,高速旋转,2,1,50,40,100,0,10,2,130,100,"通过旋转来攻击对手。
可以摆脱绑紧、紧束、寄生种子
等招式。还能提高自己的速度。"
230,sweet-scent,甜甜香气,2,1,,20,100,0,11,1,25,,用香气大幅降低对手的闪避率。
231,iron-tail,铁尾,2,9,100,15,75,0,10,2,70,30,"使用坚硬的尾巴
摔打对手进行攻击。
有时会降低对手的防御。"
232,metal-claw,金属爪,2,9,50,35,95,0,10,2,140,10,"用钢铁之爪
劈开对手进行攻击。
有时会提高自己的攻击。"
233,vital-throw,借力摔,2,2,70,10,,-1,10,2,79,,"会在对手之后进行攻击。
但是自己的攻击必定会命中。"
234,morning-sun,晨光,2,1,,5,,0,7,1,133,,"回复自己的ＨＰ。
根据天气的不同，
回复量也会有所变化。"
235,synthesis,光合作用,2,12,,5,,0,7,1,133,,"回复自己的ＨＰ。
根据天气的不同，
回复量也会有所变化。"
236,moonlight,月光,2,18,,5,,0,7,1,133,,"回复自己的ＨＰ。
根据天气的不同，
回复量也会有所变化。"
237,hidden-power,觉醒力量,2,1,60,15,100,0,10,3,136,,"无法使用这个招式。
虽然忘记之后就再也想不起来了，
但还是建议忘记这个招式。"
238,cross-chop,十字劈,2,2,100,5,80,0,10,2,44,,"用两手呈十字
劈打对手进行攻击。
容易击中要害。"
239,twister,龙卷风,2,16,40,20,100,0,11,3,147,20,"兴起龙卷风，
将对手卷入进行攻击。
有时会使对手畏缩。"
240,rain-dance,求雨,2,11,,5,,0,12,1,137,,"在５回合内一直降雨，
从而提高水属性的招式威力。
火属性的招式威力则降低。"
241,sunny-day,大晴天,2,10,,5,,0,12,1,138,,"在５回合内让日照变得强烈，
从而提高火属性的招式威力。
水属性的招式威力则降低。"
242,crunch,咬碎,2,17,80,15,100,0,10,2,70,20,"用利牙咬碎对手进行攻击。
有时会降低对手的防御。"
243,mirror-coat,镜面反射,2,14,,20,100,-5,1,3,145,,"从对手那里受到
特殊攻击的伤害将以
２倍返还给同一个对手。"
244,psych-up,自我暗示,2,1,,10,,0,10,1,144,,"向自己施以自我暗示，
将能力变化的状态
变得和对手一样。"
245,extreme-speed,神速,2,1,80,5,100,2,10,2,104,,"以迅雷不及掩耳之势
猛撞向对手进行攻击。
必定能够先制攻击。"
246,ancient-power,原始之力,2,6,60,5,100,0,10,3,141,10,"用原始之力进行攻击。
有时会提高
自己所有的能力。"
247,shadow-ball,暗影球,2,8,80,15,100,0,10,3,73,20,"投掷一团黑影进行攻击。
有时会降低对手的特防。"
248,future-sight,预知未来,2,14,120,10,100,0,10,3,149,,"在使用招式２回合后，
向对手发送一团念力进行攻击。"
249,rock-smash,碎岩,2,2,40,15,100,0,10,2,70,50,"用拳头进行攻击。
有时会降低对手的防御。"
250,whirlpool,潮旋,2,11,35,15,85,0,10,3,262,100,"将对手困在激烈的
水流旋涡中，
在４～５回合内进行攻击。"
251,beat-up,围攻,2,17,,10,100,0,10,2,155,,"我方全员进行攻击。
同行的宝可梦越多，
招式的攻击次数越多。"
252,fake-out,击掌奇袭,3,1,40,10,100,3,10,2,159,100,"进行先制攻击，使对手畏缩。
要在出场后立刻使出才能成功。"
253,uproar,吵闹,3,1,90,10,100,0,8,3,160,,"在３回合内
用骚乱攻击对手。
在此期间谁都不能入眠。"
254,stockpile,蓄力,3,1,,20,,0,7,1,161,,"积蓄力量，
提高自己的防御和特防。
最多积蓄３次。"
255,spit-up,喷出,3,1,,10,100,0,10,3,162,,"将积蓄的力量
撞向对手进行攻击。
积蓄得越多，威力越大。"
256,swallow,吞下,3,1,,10,,0,7,1,163,,"将积蓄的力量吞下，
从而回复自己的ＨＰ。
积蓄得越多，回复越大。"
257,heat-wave,热风,3,10,95,10,90,0,11,3,5,10,"将炎热的气息
吹向对手进行攻击。
有时会让对手陷入灼伤状态。"
258,hail,冰雹,3,15,,10,,0,12,1,165,,"在５回合内一直降冰雹，
除冰属性的宝可梦以外，
给予全体宝可梦伤害。"
259,torment,无理取闹,3,17,,15,100,0,10,1,166,,"向对手无理取闹，
令其不能连续２次
使出相同招式。"
260,flatter,吹捧,3,17,,15,100,0,10,1,167,,"吹捧对手，使其混乱。
同时还会提高对手的特攻。"
261,will-o-wisp,鬼火,3,10,,15,85,0,10,1,168,,"放出怪异的火焰，
从而让对手陷入灼伤状态。"
262,memento,临别礼物,3,17,,10,100,0,10,1,169,,"虽然会使自己陷入濒死，
但是能够大幅降低
对手的攻击和特攻。"
263,facade,硬撑,3,1,70,20,100,0,10,2,170,,"当自己处于中毒、麻痹、灼伤状态时，
向对手使出此招式的话，
威力会变成２倍。"
264,focus-punch,真气拳,3,2,150,20,100,-3,10,2,171,,"集中精神出拳。
在招式使出前
若受到攻击则会失败。"
265,smelling-salts,清醒,3,1,70,10,100,0,10,2,172,,"无法使用这个招式。
虽然忘记之后就再也想不起来了，
但还是建议忘记这个招式。"
266,follow-me,看我嘛,3,1,,20,,2,7,1,173,,"引起对手的注意，
将对手的攻击
全部转移到自己身上。"
267,nature-power,自然之力,3,1,,20,,0,10,1,174,,"用自然之力进行攻击。
根据所使用场所的不同，
使出的招式也会有所变化。"
268,charge,充电,3,13,,20,,0,7,1,175,,"提高下一回合使出的
电属性的招式威力。
自己的特防也会提高。"
269,taunt,挑衅,3,17,,20,100,0,10,1,176,,"使对手愤怒。
在３回合内让对手
只能使出给予伤害的招式。"
270,helping-hand,帮助,3,1,,20,,5,3,1,177,,"帮助伙伴。
被帮助的宝可梦，
其招式威力变得比平时大。"
271,trick,戏法,3,14,,10,100,0,10,1,178,,"抓住对手的空隙，
交换自己和对手的持有物。"
272,role-play,扮演,3,14,,10,,0,10,1,179,,"扮演对手，
让自己的特性
变得和对手相同。"
273,wish,祈愿,3,1,,10,,0,7,1,180,,"在下一回合回复自己或是
替换出场的宝可梦最大ＨＰ的一半。"
274,assist,借助,3,1,,20,,0,7,1,181,,"无法使用这个招式。
虽然忘记之后就再也想不起来了，
但还是建议忘记这个招式。"
275,ingrain,扎根,3,12,,20,,0,7,1,182,,"在大地上扎根，
每回合回复自己的ＨＰ。
因为扎根了，所以不能替换宝可梦。"
276,superpower,蛮力,3,2,120,5,100,0,10,2,183,100,"发挥惊人的力量攻击对手。
自己的攻击和防御会降低。"
277,magic-coat,魔法反射,3,14,,15,,4,7,1,184,,"当对手使出会变成异常状态的
招式或寄生种子等时，
会将对手的招式反射回去。"
278,recycle,回收利用,3,1,,10,,0,7,1,185,,"使战斗中已经消耗掉的
自己的持有物再生，
并可以再次使用。"
279,revenge,报复,3,2,60,10,100,-4,10,2,186,,"如果受到对手的招式攻击，
就能给予对手２倍的伤害。"
280,brick-break,劈瓦,3,2,75,15,100,0,10,2,187,,"将手刀猛烈地挥下攻击对手。
还可以破坏光墙和反射壁等。"
281,yawn,哈欠,3,1,,10,,0,10,1,188,,"打个大哈欠引起睡意。
在下一回合让对手陷入睡眠状态。"
282,knock-off,拍落,3,17,65,20,100,0,10,2,189,,"拍落对手的持有物，
直到战斗结束都不能使用。
对手携带道具时会增加伤害。"
283,endeavor,蛮干,3,1,,5,100,0,10,2,190,,"给予伤害，
使对手的ＨＰ变得
和自己的ＨＰ一样。"
284,eruption,喷火,3,10,150,5,100,0,11,3,191,,"爆发怒火攻击对手。
自己的ＨＰ越少，
招式的威力越小。"
285,skill-swap,特性互换,3,14,,10,,0,10,1,192,,"利用超能力互换
自己和对手的特性。"
286,imprison,封印,3,14,,10,,0,7,1,193,,"如果对手有和自己相同的招式，
那么只有对手无法使用该招式。"
287,refresh,焕然一新,3,1,,20,,0,7,1,194,,"无法使用这个招式。
虽然忘记之后就再也想不起来了，
但还是建议忘记这个招式。"
288,grudge,怨念,3,8,,5,,0,7,1,195,,"因对手的招式而陷入濒死时
给对手施加怨念，
让该招式的ＰＰ变成０。"
289,snatch,抢夺,3,17,,10,,4,7,1,196,,"无法使用这个招式。
虽然忘记之后就再也想不起来了，
但还是建议忘记这个招式。"
290,secret-power,秘密之力,3,1,70,20,100,0,10,2,198,30,"无法使用这个招式。
虽然忘记之后就再也想不起来了，
但还是建议忘记这个招式。"
291,dive,潜水,3,11,80,10,100,0,10,2,256,,"第１回合潜入，
第２回合浮上来进行攻击。"
292,arm-thrust,猛推,3,2,15,20,100,0,10,2,30,,"用张开着的双手
猛推对手进行攻击。
连续攻击２～５次。"
293,camouflage,保护色,3,1,,20,,0,7,1,214,,"无法使用这个招式。
虽然忘记之后就再也想不起来了，
但还是建议忘记这个招式。"
294,tail-glow,萤火,3,7,,20,,0,7,1,322,,"无法使用这个招式。
虽然忘记之后就再也想不起来了，
但还是建议忘记这个招式。"
295,luster-purge,洁净光芒,3,14,95,5,100,0,10,3,73,50,"释放耀眼的光芒进行攻击。
有时会降低对手的特防。"
296,mist-ball,薄雾球,3,14,95,5,100,0,10,3,72,50,"用围绕着雾状
羽毛的球进行攻击。
有时会降低对手的特攻。"
297,feather-dance,羽毛舞,3,3,,15,100,0,10,1,59,,"撒出羽毛，
笼罩在对手的周围。
大幅降低对手的攻击。"
298,teeter-dance,摇晃舞,3,1,,20,100,0,9,1,200,,"摇摇晃晃地跳起舞蹈，
让自己周围的宝可梦
陷入混乱状态。"
299,blaze-kick,火焰踢,3,10,85,10,90,0,10,2,201,10,"攻击对手后，
有时会使其陷入灼伤状态。
也容易击中要害。"
300,mud-sport,玩泥巴,3,5,,15,,0,12,1,202,,"无法使用这个招式。
虽然忘记之后就再也想不起来了，
但还是建议忘记这个招式。"
301,ice-ball,冰球,3,15,30,20,90,0,10,2,118,,"无法使用这个招式。
虽然忘记之后就再也想不起来了，
但还是建议忘记这个招式。"
302,needle-arm,尖刺臂,3,12,60,15,100,0,10,2,32,30,"无法使用这个招式。
虽然忘记之后就再也想不起来了，
但还是建议忘记这个招式。"
303,slack-off,偷懒,3,1,,5,,0,7,1,33,,"偷懒休息。
回复自己最大ＨＰ的一半。"
304,hyper-voice,巨声,3,1,90,10,100,0,11,3,1,,"给予对手又吵又响的
巨大震动进行攻击。"
305,poison-fang,剧毒牙,3,4,50,15,100,0,10,2,203,50,"用有毒的牙齿
咬住对手进行攻击。
有时会使对手中剧毒。"
306,crush-claw,撕裂爪,3,1,75,10,95,0,10,2,70,50,"用坚硬的锐爪
劈开对手进行攻击。
有时会降低对手的防御。"
307,blast-burn,爆炸烈焰,3,10,150,5,90,0,10,3,81,,"用爆炸的火焰
烧尽对手进行攻击。
下一回合自己将无法动弹。"
308,hydro-cannon,加农水炮,3,11,150,5,90,0,10,3,81,,"向对手喷射水炮进行攻击。
下一回合自己将无法动弹。"
309,meteor-mash,彗星拳,3,9,90,10,90,0,10,2,140,20,"使出彗星般的拳头攻击对手。
有时会提高自己的攻击。"
310,astonish,惊吓,3,8,30,15,100,0,10,2,32,30,"用尖叫声等
突然惊吓对手进行攻击。
有时会使对手畏缩。"
311,weather-ball,气象球,3,1,50,10,100,0,10,3,204,,"根据使用时的天气，
招式属性和威力会改变。"
312,aromatherapy,芳香治疗,3,12,,5,,0,13,1,103,,"让同伴闻沁人心脾的香气，
从而治愈我方全员的异常状态。"
313,fake-tears,假哭,3,17,,20,100,0,10,1,63,,"装哭流泪。
使对手不知所措，
从而大幅降低对手的特防。"
314,air-cutter,空气利刃,3,3,60,25,95,0,11,3,44,,"用锐利的风
切斩对手进行攻击。
容易击中要害。"
315,overheat,过热,3,10,130,5,90,0,10,3,205,100,"使出全部力量攻击对手。
使用之后会因为反作用力，
自己的特攻大幅降低。"
316,odor-sleuth,气味侦测,3,1,,40,,0,10,1,114,,"无法使用这个招式。
虽然忘记之后就再也想不起来了，
但还是建议忘记这个招式。"
317,rock-tomb,岩石封锁,3,6,60,15,95,0,10,2,71,100,"投掷岩石进行攻击。
封住对手的行动，
从而降低速度。"
318,silver-wind,银色旋风,3,7,60,5,100,0,10,3,141,10,"无法使用这个招式。
虽然忘记之后就再也想不起来了，
但还是建议忘记这个招式。"
319,metal-sound,金属音,3,9,,40,85,0,10,1,63,,"让对手听摩擦金属般
讨厌的声音。
大幅降低对手的特防。"
320,grass-whistle,草笛,3,12,,15,55,0,10,1,2,,"无法使用这个招式。
虽然忘记之后就再也想不起来了，
但还是建议忘记这个招式。"
321,tickle,挠痒,3,1,,20,100,0,10,1,206,,"给对手挠痒，使其发笑，
从而降低对手的攻击和防御。"
322,cosmic-power,宇宙力量,3,14,,20,,0,7,1,207,,"汲取宇宙中神秘的力量，
从而提高自己的防御和特防。"
323,water-spout,喷水,3,11,150,5,100,0,11,3,191,,"掀起潮水进行攻击。
自己的ＨＰ越少，
招式的威力越小。"
324,signal-beam,信号光束,3,7,75,15,100,0,10,3,77,10,"无法使用这个招式。
虽然忘记之后就再也想不起来了，
但还是建议忘记这个招式。"
325,shadow-punch,暗影拳,3,8,60,20,,0,10,2,18,,"使出混影之拳。
攻击必定会命中。"
326,extrasensory,神通力,3,14,80,20,100,0,10,3,32,10,"发出看不见的
神奇力量进行攻击。
有时会使对手畏缩。"
327,sky-uppercut,冲天拳,3,2,85,15,90,0,10,2,208,,"无法使用这个招式。
虽然忘记之后就再也想不起来了，
但还是建议忘记这个招式。"
328,sand-tomb,流沙地狱,3,5,35,15,85,0,10,2,43,100,"将对手困在
铺天盖地的沙暴中，
在４～５回合内进行攻击。"
329,sheer-cold,绝对零度,3,15,,5,30,0,10,3,39,,"给对手一击濒死。
如果是冰属性以外的宝可梦使用，
就会难以打中。"
330,muddy-water,浊流,3,11,90,10,85,0,11,3,74,30,"向对手喷射
浑浊的水进行攻击。
有时会降低对手的命中率。"
331,bullet-seed,种子机关枪,3,12,25,30,100,0,10,2,30,,"向对手猛烈地
发射种子进行攻击。
连续攻击２～５次。"
332,aerial-ace,燕返,3,3,60,20,,0,10,2,18,,"以敏捷的动作
戏弄对手后进行切斩。
攻击必定会命中。"
333,icicle-spear,冰锥,3,15,25,30,100,0,10,2,30,,"向对手发射
锋利的冰柱进行攻击。
连续攻击２～５次。"
334,iron-defense,铁壁,3,9,,15,,0,7,1,52,,"将皮肤变得坚硬如铁，
从而大幅提高自己的防御。"
335,block,挡路,3,1,,5,,0,10,1,107,,"张开双手进行阻挡，
封住对手的退路，
使其不能逃走。"
336,howl,长嚎,3,1,,40,,0,13,1,11,,"大声吼叫提高气势，
从而提高自己和同伴的攻击。"
337,dragon-claw,龙爪,3,16,80,15,100,0,10,2,1,,"用尖锐的巨爪
劈开对手进行攻击。"
338,frenzy-plant,疯狂植物,3,12,150,5,90,0,10,3,81,,"用大树摔打对手进行攻击。
下一回合自己将无法动弹。"
339,bulk-up,健美,3,2,,20,,0,7,1,209,,"使出全身力气绷紧肌肉，
从而提高自己的攻击和防御。"
340,bounce,弹跳,3,3,85,5,85,0,10,2,264,30,"弹跳到高高的空中，
第２回合攻击对手。
有时会让对手陷入麻痹状态。"
341,mud-shot,泥巴射击,3,5,55,15,95,0,10,3,71,100,"向对手投掷
泥块进行攻击。
同时降低对手的速度。"
342,poison-tail,毒尾,3,4,50,25,100,0,10,2,210,10,"用尾巴拍打。
有时会让对手陷入中毒状态，
也容易击中要害。"
343,covet,渴望,3,1,60,25,100,0,10,2,106,,"一边可爱地撒娇，
一边靠近对手进行攻击，
还能夺取对手携带的道具。"
344,volt-tackle,伏特攻击,3,13,120,15,100,0,10,2,263,10,"让电流覆盖全身猛撞向对手。
自己也会受到不小的伤害。
有时会让对手陷入麻痹状态。"
345,magical-leaf,魔法叶,3,12,60,20,,0,10,3,18,,"散落可以追踪
对手的神奇叶片。
攻击必定会命中。"
346,water-sport,玩水,3,11,,15,,0,12,1,211,,"无法使用这个招式。
虽然忘记之后就再也想不起来了，
但还是建议忘记这个招式。"
347,calm-mind,冥想,3,14,,20,,0,7,1,212,,"静心凝神，
从而提高自己的特攻和特防。"
348,leaf-blade,叶刃,3,12,90,15,100,0,10,2,44,,"像用剑一般操纵叶片
切斩对手进行攻击。
容易击中要害。"
349,dragon-dance,龙之舞,3,16,,20,,0,7,1,213,,"激烈地跳起神秘
且强有力的舞蹈。
从而提高自己的攻击和速度。"
350,rock-blast,岩石爆击,3,6,25,10,90,0,10,2,30,,"向对手发射
坚硬的岩石进行攻击。
连续攻击２～５次。"
351,shock-wave,电击波,3,13,60,20,,0,10,3,18,,"向对手快速发出电击。
攻击必定会命中。"
352,water-pulse,水之波动,3,11,60,20,100,0,10,3,77,20,"用水的震动攻击对手。
有时会使对手混乱。"
353,doom-desire,破灭之愿,3,9,140,5,100,0,10,3,149,,"使用招式２回合后，
会用无数道光束攻击对手。"
354,psycho-boost,精神突进,3,14,140,5,90,0,10,3,205,100,"无法使用这个招式。
虽然忘记之后就再也想不起来了，
但还是建议忘记这个招式。"
355,roost,羽栖,4,3,,5,,0,7,1,215,,"降到地面，使身体休息。
回复自己最大ＨＰ的一半。"
356,gravity,重力,4,14,,5,,0,12,1,216,,"在５回合内，飘浮特性和飞行属性的
宝可梦会被地面属性的招式击中。
飞向空中的招式也将无法使用。"
357,miracle-eye,奇迹之眼,4,14,,40,,0,10,1,217,,"无法使用这个招式。
虽然忘记之后就再也想不起来了，
但还是建议忘记这个招式。"
358,wake-up-slap,唤醒巴掌,4,2,70,10,100,0,10,2,218,,"无法使用这个招式。
虽然忘记之后就再也想不起来了，
但还是建议忘记这个招式。"
359,hammer-arm,臂锤,4,2,100,10,90,0,10,2,219,100,"挥舞强力而沉重的拳头，
给予对手伤害。
自己的速度会降低。"
360,gyro-ball,陀螺球,4,9,,5,100,0,10,2,220,,"让身体高速旋转并撞击对手。
速度比对手越慢，威力越大。"
361,healing-wish,治愈之愿,4,14,,10,,0,7,1,221,,"虽然自己陷入濒死，
但可以治愈后备上场的
宝可梦的异常状态以及回复ＨＰ。"
362,brine,盐水,4,11,65,10,100,0,10,3,222,,"当对手的ＨＰ
负伤到一半左右时，
招式威力会变成２倍。"
363,natural-gift,自然之恩,4,1,,15,100,0,10,2,223,,"无法使用这个招式。
虽然忘记之后就再也想不起来了，
但还是建议忘记这个招式。"
364,feint,佯攻,4,1,30,10,100,2,10,2,224,,"能够攻击正在使用
守住或看穿等招式的对手。
解除其守护效果。"
365,pluck,啄食,4,3,60,20,100,0,10,2,225,,"用喙进行攻击。
当对手携带树果时，
可以食用并获得其效果。"
366,tailwind,顺风,4,3,,15,,0,4,1,226,,"刮起猛烈的旋风，
在４回合内
提高我方全员的速度。"
367,acupressure,点穴,4,1,,30,,0,5,1,227,,"通过点穴
让身体舒筋活络。
大幅提高某１项能力。"
368,metal-burst,金属爆炸,4,9,,10,100,0,1,2,228,,"使出招式前，
将最后受到的招式的伤害
大力返还给对手。"
369,u-turn,急速折返,4,7,70,20,100,0,10,2,229,,"在攻击之后急速返回，
和后备宝可梦进行替换。"
370,close-combat,近身战,4,2,120,5,100,0,10,2,230,100,"放弃守护，
向对手的怀里突击。
自己的防御和特防会降低。"
371,payback,以牙还牙,4,17,50,10,100,0,10,2,231,,"蓄力攻击。
如果能在对手之后攻击，
招式的威力会变成２倍。"
372,assurance,恶意追击,4,17,60,10,100,0,10,2,232,,"如果此回合内对手
已经受到伤害的话，
招式威力会变成２倍。"
373,embargo,查封,4,17,,15,100,0,10,1,233,,"无法使用这个招式。
虽然忘记之后就再也想不起来了，
但还是建议忘记这个招式。"
374,fling,投掷,4,17,,10,100,0,10,2,234,,"快速投掷携带的道具进行攻击。
根据道具不同，
威力和效果会改变。"
375,psycho-shift,精神转移,4,14,,10,100,0,10,1,235,,"利用超能力施以暗示，
从而将自己受到的异常状态
转移给对手。"
376,trump-card,王牌,4,1,,5,,0,10,3,236,,"无法使用这个招式。
虽然忘记之后就再也想不起来了，
但还是建议忘记这个招式。"
377,heal-block,回复封锁,4,14,,15,100,0,11,1,237,,"无法使用这个招式。
虽然忘记之后就再也想不起来了，
但还是建议忘记这个招式。"
378,wring-out,绞紧,4,1,,5,100,0,10,3,238,,"无法使用这个招式。
虽然忘记之后就再也想不起来了，
但还是建议忘记这个招式。"
379,power-trick,力量戏法,4,14,,10,,0,7,1,239,,"利用超能力交换
自己的攻击和
防御的力量。"
380,gastro-acid,胃液,4,4,,10,100,0,10,1,240,,"将胃液吐向对手的身体。
沾上的胃液会消除
对手的特性效果。"
381,lucky-chant,幸运咒语,4,1,,30,,0,4,1,241,,"无法使用这个招式。
虽然忘记之后就再也想不起来了，
但还是建议忘记这个招式。"
382,me-first,抢先一步,4,1,,20,,0,2,1,242,,"无法使用这个招式。
虽然忘记之后就再也想不起来了，
但还是建议忘记这个招式。"
383,copycat,仿效,4,1,,20,,0,7,1,243,,"模仿对手刚才使出的招式，
并使出相同招式。
如果对手还没出招则会失败。"
384,power-swap,力量互换,4,14,,10,,0,10,1,244,,"利用超能力互换
自己和对手的攻击
以及特攻的能力变化。"
385,guard-swap,防守互换,4,14,,10,,0,10,1,245,,"利用超能力互换
自己和对手的防御
以及特防的能力变化。"
386,punishment,惩罚,4,17,,5,100,0,10,2,246,,"无法使用这个招式。
虽然忘记之后就再也想不起来了，
但还是建议忘记这个招式。"
387,last-resort,珍藏,4,1,140,5,100,0,10,2,247,,"当战斗中已学会的招式
全部使用过后，
才能开始使出珍藏的招式。"
388,worry-seed,烦恼种子,4,12,,10,100,0,10,1,248,,"种植心神不宁的种子。
使对手不能入眠，
并将特性变成不眠。"
389,sucker-punch,突袭,4,17,70,5,100,1,10,2,249,,"可以比对手先攻击。
对手使出的招式
如果不是攻击招式则会失败。"
390,toxic-spikes,毒菱,4,4,,20,,0,6,1,250,,"在对手的脚下撒毒菱。
使对手替换出场的宝可梦中毒。"
391,heart-swap,心灵互换,4,14,,10,,0,10,1,251,,"无法使用这个招式。
虽然忘记之后就再也想不起来了，
但还是建议忘记这个招式。"
392,aqua-ring,水流环,4,11,,20,,0,7,1,252,,"在自己身体的周围
覆盖用水制造的幕。
每回合回复ＨＰ。"
393,magnet-rise,电磁飘浮,4,13,,10,,0,7,1,253,,"利用电气产生的磁力浮在空中。
在５回合内可以飘浮。"
394,flare-blitz,闪焰冲锋,4,10,120,15,100,0,10,2,254,10,"让火焰覆盖全身猛撞向对手。
自己也会受到不小的伤害。
有时会让对手陷入灼伤状态。"
395,force-palm,发劲,4,2,60,10,100,0,10,2,7,30,"向对手的身体
发出冲击波进行攻击。
有时会让对手陷入麻痹状态。"
396,aura-sphere,波导弹,4,2,80,20,,0,10,3,18,,"从体内产生出波导之力，
然后向对手发出。
攻击必定会命中。"
397,rock-polish,岩石打磨,4,6,,20,,0,7,1,53,,"打磨自己的身体，
减少空气阻力。
可以大幅提高自己的速度。"
398,poison-jab,毒击,4,4,80,20,100,0,10,2,3,30,"用带毒的触手或手臂刺入对手。
有时会让对手陷入中毒状态。"
399,dark-pulse,恶之波动,4,17,80,15,100,0,10,3,32,20,"从体内发出
充满恶意的恐怖气场。
有时会使对手畏缩。"
400,night-slash,暗袭要害,4,17,70,15,100,0,10,2,44,,"抓住瞬间的空隙
切斩对手。
容易击中要害。"
401,aqua-tail,水流尾,4,11,90,10,90,0,10,2,1,,"如惊涛骇浪般挥动
大尾巴攻击对手。"
402,seed-bomb,种子炸弹,4,12,80,15,100,0,10,2,1,,"将外壳坚硬的大种子，
从上方砸下攻击对手。"
403,air-slash,空气斩,4,3,75,15,95,0,10,3,32,30,"用连天空也能劈开的
空气之刃进行攻击。
有时会使对手畏缩。"
404,x-scissor,十字剪,4,7,80,15,100,0,10,2,1,,"将镰刀或爪子像剪刀般地交叉，
顺势劈开对手。"
405,bug-buzz,虫鸣,4,7,90,10,100,0,10,3,73,10,"利用振动发出音波进行攻击。
有时会降低对手的特防。"
406,dragon-pulse,龙之波动,4,16,85,10,100,0,10,3,1,,"从大大的口中
掀起冲击波攻击对手。"
407,dragon-rush,龙之俯冲,4,16,100,10,75,0,10,2,32,20,"释放出骇人的杀气，
一边威慑一边撞击对手。
有时会使对手畏缩。"
408,power-gem,力量宝石,4,6,80,20,100,0,10,3,1,,"发射如宝石般
闪耀的光芒攻击对手。"
409,drain-punch,吸取拳,4,2,75,10,100,0,10,2,4,,"用拳头吸取对手的力量。
可以回复给予对手
伤害的一半ＨＰ。"
410,vacuum-wave,真空波,4,2,40,30,100,1,10,3,104,,"挥动拳头，
掀起真空波。
必定能够先制攻击。"
411,focus-blast,真气弹,4,2,120,5,70,0,10,3,73,10,"提高气势，
释放出全部力量。
有时会降低对手的特防。"
412,energy-ball,能量球,4,12,90,10,100,0,10,3,73,10,"发射从自然收集的生命力量。
有时会降低对手的特防。"
413,brave-bird,勇鸟猛攻,4,3,120,15,100,0,10,2,199,,"收拢翅膀，
通过低空飞行突击对手。
自己也会受到不小的伤害。"
414,earth-power,大地之力,4,5,90,10,100,0,10,3,73,10,"向对手脚下
释放出大地之力。
有时会降低对手的特防。"
415,switcheroo,掉包,4,17,,10,100,0,10,1,178,,"用一闪而过的速度
交换自己和对手的持有物。"
416,giga-impact,终极冲击,4,1,150,5,90,0,10,2,81,,"使出自己浑身力量突击对手。
下一回合自己将无法动弹。"
417,nasty-plot,诡计,4,17,,20,,0,7,1,54,,"谋划诡计，激活头脑。
大幅提高自己的特攻。"
418,bullet-punch,子弹拳,4,9,40,30,100,1,10,2,104,,"向对手使出如子弹般
快速而坚硬的拳头。
必定能够先制攻击。"
419,avalanche,雪崩,4,15,60,10,100,-4,10,2,186,,"如果受到对手的招式攻击，
就能给予该对手
２倍威力的攻击。"
420,ice-shard,冰砾,4,15,40,30,100,1,10,2,104,,"瞬间制作冰块，
快速地扔向对手。
必定能够先制攻击。"
421,shadow-claw,暗影爪,4,8,70,15,100,0,10,2,44,,"以影子做成的锐爪，
劈开对手。
容易击中要害。"
422,thunder-fang,雷电牙,4,13,65,15,95,0,10,2,276,10,"用蓄满电流的牙齿咬住对手。
有时会使对手畏缩
或陷入麻痹状态。"
423,ice-fang,冰冻牙,4,15,65,15,95,0,10,2,275,10,"用藏有冷气的牙齿咬住对手。
有时会使对手畏缩
或陷入冰冻状态。"
424,fire-fang,火焰牙,4,10,65,15,95,0,10,2,274,10,"用覆盖着火焰的牙齿咬住对手。
有时会使对手畏缩
或陷入灼伤状态。"
425,shadow-sneak,影子偷袭,4,8,40,30,100,1,10,2,104,,"伸长影子，
从对手的背后进行攻击。
必定能够先制攻击。"
426,mud-bomb,泥巴炸弹,4,5,65,10,85,0,10,3,74,30,"无法使用这个招式。
虽然忘记之后就再也想不起来了，
但还是建议忘记这个招式。"
427,psycho-cut,精神利刃,4,14,70,20,100,0,10,2,44,,"用实体化的
心之利刃劈开对手。
容易击中要害。"
428,zen-headbutt,意念头锤,4,14,80,15,90,0,10,2,32,20,"将思念的力量集中在
前额进行攻击。
有时会使对手畏缩。"
429,mirror-shot,镜光射击,4,9,65,10,85,0,10,3,74,30,"无法使用这个招式。
虽然忘记之后就再也想不起来了，
但还是建议忘记这个招式。"
430,flash-cannon,加农光炮,4,9,80,10,100,0,10,3,73,10,"将身体的光芒
聚集在一点释放出去。
有时会降低对手的特防。"
431,rock-climb,攀岩,4,1,90,20,85,0,10,2,77,20,"无法使用这个招式。
虽然忘记之后就再也想不起来了，
但还是建议忘记这个招式。"
432,defog,清除浓雾,4,3,,15,,0,10,1,259,,"用强风吹开对手的
反射壁或光墙等。
也会降低对手的闪避率。"
433,trick-room,戏法空间,4,14,,5,,-7,12,1,260,,"制造出离奇的空间。
在５回合内
速度慢的宝可梦可以先行动。"
434,draco-meteor,流星群,4,16,130,5,90,0,10,3,205,100,"从天空中向对手落下陨石。
使用之后因为反作用力，
自己的特攻会大幅降低。"
435,discharge,放电,4,13,80,15,100,0,9,3,7,30,"用耀眼的电击
攻击自己周围所有的宝可梦。
有时会陷入麻痹状态。"
436,lava-plume,喷烟,4,10,80,15,100,0,9,3,5,30,"用熊熊烈火
攻击自己周围所有的宝可梦。
有时会陷入灼伤状态。"
437,leaf-storm,飞叶风暴,4,12,130,5,90,0,10,3,205,100,"用尖尖的叶片向对手卷起风暴。
使用之后因为反作用力
自己的特攻会大幅降低。"
438,power-whip,强力鞭打,4,12,120,10,85,0,10,2,1,,"激烈地挥舞青藤或触手
摔打对手进行攻击。"
439,rock-wrecker,岩石炮,4,6,150,5,90,0,10,2,81,,"向对手发射
巨大的岩石进行攻击。
下一回合自己将无法动弹。"
440,cross-poison,十字毒刃,4,4,70,20,100,0,10,2,210,10,"用毒刃劈开对手。
有时会让对手陷入中毒状态，
也容易击中要害。"
441,gunk-shot,垃圾射击,4,4,120,5,80,0,10,2,3,30,"用肮脏的垃圾
撞向对手进行攻击。
有时会让对手陷入中毒状态。"
442,iron-head,铁头,4,9,80,15,100,0,10,2,32,30,"用钢铁般
坚硬的头部进行攻击。
有时会使对手畏缩。"
443,magnet-bomb,磁铁炸弹,4,9,60,20,,0,10,2,18,,"无法使用这个招式。
虽然忘记之后就再也想不起来了，
但还是建议忘记这个招式。"
444,stone-edge,尖石攻击,4,6,100,5,80,0,10,2,44,,"用尖尖的岩石
刺入对手进行攻击。
容易击中要害。"
445,captivate,诱惑,4,1,,20,100,0,11,1,266,,"无法使用这个招式。
虽然忘记之后就再也想不起来了，
但还是建议忘记这个招式。"
446,stealth-rock,隐形岩,4,6,,20,,0,6,1,267,,"将无数岩石悬浮在对手的周围，
从而对替换出场的对手的
宝可梦给予伤害。"
447,grass-knot,打草结,4,12,,20,100,0,10,3,197,,"用草缠住并绊倒对手。
对手越重，威力越大。"
448,chatter,喋喋不休,4,3,65,20,100,0,10,3,268,100,"用非常烦人的，
喋喋不休的音波攻击对手。
使对手混乱。"
449,judgment,制裁光砾,4,1,100,10,100,0,10,3,269,,"向对手放出无数的光弹。
属性会根据自己
携带的石板不同而改变。"
450,bug-bite,虫咬,4,7,60,20,100,0,10,2,225,,"咬住进行攻击。
当对手携带树果时，
可以食用并获得其效果。"
451,charge-beam,充电光束,4,13,50,10,90,0,10,3,277,70,"向对手发射电击光束。
由于蓄满电流，
有时会提高自己的特攻。"
452,wood-hammer,木槌,4,12,120,15,100,0,10,2,199,,"用坚硬的躯体
撞击对手进行攻击。
自己也会受到不小的伤害。"
453,aqua-jet,水流喷射,4,11,40,20,100,1,10,2,104,,"以迅雷不及掩耳之势
扑向对手。
必定能够先制攻击。"
454,attack-order,攻击指令,4,7,90,15,100,0,10,2,44,,"召唤手下，
让其朝对手发起攻击。
容易击中要害。"
455,defend-order,防御指令,4,7,,10,,0,7,1,207,,"召唤手下，
让其附在自己的身体上。
可以提高自己的防御和特防。"
456,heal-order,回复指令,4,7,,10,,0,7,1,33,,"无法使用这个招式。
虽然忘记之后就再也想不起来了，
但还是建议忘记这个招式。"
457,head-smash,双刃头锤,4,6,150,5,80,0,10,2,270,,"拼命使出浑身力气，
向对手进行头锤攻击。
自己也会受到非常大的伤害。"
458,double-hit,二连击,4,1,35,10,90,0,10,2,45,,"使用尾巴等
拍打对手进行攻击。
连续２次给予伤害。"
459,roar-of-time,时光咆哮,4,16,150,5,90,0,10,3,81,,"释放出扭曲时间般的
强大力量攻击对手。
下一回合自己将无法动弹。"
460,spacial-rend,亚空裂斩,4,16,100,5,95,0,10,3,44,,"将对手连同周围的空间一起
撕裂并给予伤害。
容易击中要害。"
461,lunar-dance,新月舞,4,14,,10,,0,7,1,271,,"虽然自己陷入濒死，
但可以治愈后备上场的
宝可梦的全部状态。"
462,crush-grip,捏碎,4,1,,5,100,0,10,2,238,,"用骇人的力量捏碎对手。
对手剩余的ＨＰ越多，
威力越大。"
463,magma-storm,熔岩风暴,4,10,100,5,75,0,10,3,43,100,"将对手困在
熊熊燃烧的火焰中，
在４～５回合内进行攻击。"
464,dark-void,暗黑洞,4,17,,10,50,0,11,1,2,,"将对手强制拖入黑暗的世界，
从而让对手陷入睡眠状态。"
465,seed-flare,种子闪光,4,12,120,5,85,0,10,3,272,40,"从身体里产生冲击波。
有时会大幅降低对手的特防。"
466,ominous-wind,奇异之风,4,8,60,5,100,0,10,3,141,10,"无法使用这个招式。
虽然忘记之后就再也想不起来了，
但还是建议忘记这个招式。"
467,shadow-force,暗影潜袭,4,8,120,5,100,0,10,2,273,,"第１回合消失踪影，
第２回合攻击对手。
即使对手正受保护，也能击中。"
468,hone-claws,磨爪,5,17,,15,,0,7,1,278,,"将爪子磨得更加锋利。
提高自己的攻击和命中率。"
469,wide-guard,广域防守,5,6,,10,,3,4,1,279,,"在１回合内防住
击打我方全员的攻击。"
470,guard-split,防守平分,5,14,,10,,0,10,1,280,,"利用超能力将自己和对手的
防御和特防相加，
再进行平分。"
471,power-split,力量平分,5,14,,10,,0,10,1,281,,"利用超能力将自己和对手的
攻击和特攻相加，
再进行平分。"
472,wonder-room,奇妙空间,5,14,,10,,0,12,1,282,,"制造出离奇的空间。
在５回合内互换
所有宝可梦的防御和特防。"
473,psyshock,精神冲击,5,14,80,10,100,0,10,3,283,,"将神奇的念波实体化攻击对手。
给予物理伤害。"
474,venoshock,毒液冲击,5,4,65,10,100,0,10,3,284,,"将特殊的毒液泼向对手。
对处于中毒状态的对手，
威力会变成２倍。"
475,autotomize,身体轻量化,5,9,,15,,0,7,1,285,,"削掉身体上没用的部分。
大幅提高自己的速度，
同时体重也会变轻。"
476,rage-powder,愤怒粉,5,7,,20,,2,7,1,173,,"将令人烦躁的粉末撒在自己身上，
用以吸引对手的注意。
使对手的攻击全部指向自己。"
477,telekinesis,意念移物,5,14,,15,,0,10,1,286,,"无法使用这个招式。
虽然忘记之后就再也想不起来了，
但还是建议忘记这个招式。"
478,magic-room,魔法空间,5,14,,10,,0,12,1,287,,"制造出离奇的空间。
在５回合内所有宝可梦
携带道具的效果都会消失。"
479,smack-down,击落,5,6,50,15,100,0,10,2,288,100,"扔石头或炮弹，
攻击飞行的对手。
对手会被击落，掉到地面。"
480,storm-throw,山岚摔,5,2,60,10,100,0,10,2,289,,"向对手使出强烈的一击。
攻击必定会击中要害。"
481,flame-burst,烈焰溅射,5,10,70,15,100,0,10,3,290,,"无法使用这个招式。
虽然忘记之后就再也想不起来了，
但还是建议忘记这个招式。"
482,sludge-wave,污泥波,5,4,95,10,100,0,9,3,3,10,"用污泥波攻击
自己周围所有的宝可梦。
有时会陷入中毒状态。"
483,quiver-dance,蝶舞,5,7,,20,,0,7,1,291,,"轻巧地跳起神秘而又美丽的舞蹈。
提高自己的特攻、特防和速度。"
484,heavy-slam,重磅冲撞,5,9,,10,100,0,10,2,292,,"用沉重的身体撞向对手进行攻击。
自己比对手越重，威力越大。"
485,synchronoise,同步干扰,5,14,120,10,100,0,9,3,293,,"无法使用这个招式。
虽然忘记之后就再也想不起来了，
但还是建议忘记这个招式。"
486,electro-ball,电球,5,13,,10,100,0,10,3,294,,"用电气团撞向对手。
自己比对手速度越快，
威力越大。"
487,soak,浸水,5,11,,20,100,0,10,1,295,,"将大量的水泼向对手，
从而使其变成水属性。"
488,flame-charge,蓄能焰袭,5,10,50,20,100,0,10,2,296,100,"让火焰覆盖全身，攻击对手。
积蓄力量并提高自己的速度。"
489,coil,盘蜷,5,4,,20,,0,7,1,323,,"盘蜷着集中精神。
提高自己的攻击、防御和命中率。"
490,low-sweep,下盘踢,5,2,65,20,100,0,10,2,21,100,"以敏捷的动作瞄准
对手的脚进行攻击。
降低对手的速度。"
491,acid-spray,酸液炸弹,5,4,40,20,100,0,10,3,297,100,"喷出能溶化对手的液体进行攻击。
大幅降低对手的特防。"
492,foul-play,欺诈,5,17,95,15,100,0,10,2,298,,"利用对手的力量进行攻击。
正和自己战斗的对手，
其攻击越高，伤害越大。"
493,simple-beam,单纯光束,5,1,,15,100,0,10,1,299,,"向对手发送谜之念波。
接收到念波的对手，
其特性会变为单纯。"
494,entrainment,找伙伴,5,1,,15,100,0,10,1,300,,"用神奇的节奏跳舞。
使对手模仿自己的动作，
从而将特性变成一样。"
495,after-you,您先请,5,1,,15,,0,10,1,301,,"支援我方或对手的行动，
使其紧接着此招式之后行动。"
496,round,轮唱,5,1,60,15,100,0,10,3,302,,"用歌声攻击对手。
同伴还可以接着使出轮唱招式，
威力也会提高。"
497,echoed-voice,回声,5,1,40,15,100,0,10,3,303,,"用回声攻击对手。
如果每回合都有宝可梦接着
使用该招式，威力就会提高。"
498,chip-away,逐步击破,5,1,70,20,100,0,10,2,304,,"无法使用这个招式。
虽然忘记之后就再也想不起来了，
但还是建议忘记这个招式。"
499,clear-smog,清除之烟,5,4,50,15,,0,10,3,305,,"向对手投掷
特殊的泥块进行攻击。
使其能力变回原点。"
500,stored-power,辅助力量,5,14,20,10,100,0,10,3,306,,"用蓄积起来的力量攻击对手。
自己的能力提高得越多，
威力就越大。"
501,quick-guard,快速防守,5,2,,15,,3,4,1,307,,"守护自己和同伴，
以防对手的先制攻击。"
502,ally-switch,交换场地,5,14,,15,,2,7,1,308,,"用神奇的力量瞬间移动，
互换自己和同伴所在的位置。"
503,scald,热水,5,11,80,15,100,0,10,3,5,30,"向对手喷射
煮得翻滚的开水进行攻击。
有时会让对手陷入灼伤状态。"
504,shell-smash,破壳,5,1,,15,,0,7,1,309,,"打破外壳，
降低自己的防御和特防，
但大幅提高攻击、特攻和速度。"
505,heal-pulse,治愈波动,5,14,,10,,0,10,1,310,,"放出治愈波动，
从而回复对手
最大ＨＰ的一半。"
506,hex,祸不单行,5,8,65,10,100,0,10,3,311,,"接二连三地进行攻击。
对处于异常状态的对手
给予较大的伤害。"
507,sky-drop,自由落体,5,3,60,10,100,0,10,2,312,,"无法使用这个招式。
虽然忘记之后就再也想不起来了，
但还是建议忘记这个招式。"
508,shift-gear,换档,5,9,,10,,0,7,1,313,,"转动齿轮，
不仅提高自己的攻击，
还会大幅提高速度。"
509,circle-throw,巴投,5,2,60,10,90,-6,10,2,314,,"扔飞对手，强制拉后备宝可梦上场。
如果对手为野生宝可梦，
战斗将直接结束。"
510,incinerate,烧尽,5,10,60,15,100,0,11,3,315,,"用火焰攻击对手。
对手携带树果等时，
会烧掉，使其不能使用。"
511,quash,延后,5,17,,15,100,0,10,1,316,,"压制对手，
从而将其行动顺序放到最后。"
512,acrobatics,杂技,5,3,55,15,100,0,10,2,318,,"轻巧地攻击对手。
自己没有携带道具时，
会给予较大的伤害。"
513,reflect-type,镜面属性,5,1,,15,,0,10,1,319,,"反射对手的属性，
让自己也变成一样的属性。"
514,retaliate,报仇,5,1,70,5,100,0,10,2,320,,"为倒下的同伴报仇。
如果上一回合有同伴倒下，
威力就会提高。"
515,final-gambit,搏命,5,2,,5,100,0,10,3,321,,"拼命攻击对手。
虽然自己陷入濒死，但会给予对手
和自己目前ＨＰ等量的伤害。"
516,bestow,传递礼物,5,1,,15,,0,10,1,324,,"无法使用这个招式。
虽然忘记之后就再也想不起来了，
但还是建议忘记这个招式。"
517,inferno,炼狱,5,10,100,5,50,0,10,3,5,100,"用烈焰包裹住对手进行攻击。
让对手陷入灼伤状态。"
518,water-pledge,水之誓约,5,11,80,10,100,0,10,3,325,,"用水柱进行攻击。
如果和火组合，威力就会提高，
天空中会挂上彩虹。"
519,fire-pledge,火之誓约,5,10,80,10,100,0,10,3,326,,"用火柱进行攻击。
如果和草组合，威力就会提高，
周围会变成火海。"
520,grass-pledge,草之誓约,5,12,80,10,100,0,10,3,327,,"用草柱进行攻击。
如果和水组合，威力就会提高，
周围会变成湿地。"
521,volt-switch,伏特替换,5,13,70,20,100,0,10,3,229,,"在攻击之后急速返回，
和后备宝可梦进行替换。"
522,struggle-bug,虫之抵抗,5,7,50,20,100,0,11,3,72,100,"抵抗并攻击对手。
降低对手的特攻。"
523,bulldoze,重踏,5,5,60,20,100,0,9,2,71,100,"用力踩踏地面并攻击
自己周围所有的宝可梦。
降低对方的速度。"
524,frost-breath,冰息,5,15,60,10,90,0,10,3,289,100,"将冰冷的气息
吹向对手进行攻击。
必定会击中要害。"
525,dragon-tail,龙尾,5,16,60,10,90,-6,10,2,314,,"弹飞对手，强制拉后备宝可梦上场。
如果对手为野生宝可梦，
战斗将直接结束。"
526,work-up,自我激励,5,1,,30,,0,7,1,328,,"激励自己，
从而提高攻击和特攻。"
527,electroweb,电网,5,13,55,15,95,0,11,3,21,100,"用电网捉住对手进行攻击。
降低对手的速度。"
528,wild-charge,疯狂伏特,5,13,90,15,100,0,10,2,49,,"让电流覆盖全身，
撞向对手进行攻击。
自己也会受到少许伤害。"
529,drill-run,直冲钻,5,5,80,10,95,0,10,2,44,,"像钢钻一样，一边旋转身体
一边撞击对手。
容易击中要害。"
530,dual-chop,二连劈,5,16,40,15,90,0,10,2,45,,"用身体坚硬的部分
拍打对手进行攻击。
连续２次给予伤害。"
531,heart-stamp,爱心印章,5,14,60,25,100,0,10,2,32,30,"无法使用这个招式。
虽然忘记之后就再也想不起来了，
但还是建议忘记这个招式。"
532,horn-leech,木角,5,12,75,10,100,0,10,2,4,,"将角刺入，吸取对手的养分。
可以回复给予对手
伤害的一半ＨＰ。"
533,sacred-sword,圣剑,5,2,90,15,100,0,10,2,304,,"用长角切斩对手进行攻击。
无视对手的能力变化，
直接给予伤害。"
534,razor-shell,贝壳刃,5,11,75,10,95,0,10,2,70,50,"用锋利的贝壳切斩
对手进行攻击。
有时会降低对手的防御。"
535,heat-crash,高温重压,5,10,,10,100,0,10,2,292,,"用燃烧的身体撞向对手进行攻击。
自己比对手越重，威力越大。"
536,leaf-tornado,青草搅拌器,5,12,65,10,90,0,10,3,74,50,"用锋利的叶片包裹住
对手进行攻击。
有时会降低对手的命中率。"
537,steamroller,疯狂滚压,5,7,65,20,100,0,10,2,151,30,"无法使用这个招式。
虽然忘记之后就再也想不起来了，
但还是建议忘记这个招式。"
538,cotton-guard,棉花防守,5,12,,10,,0,7,1,329,,"用软绵绵的绒毛包裹住
自己的身体进行守护。
巨幅提高自己的防御。"
539,night-daze,暗黑爆破,5,17,85,10,95,0,10,3,74,40,"放出黑暗的冲击波攻击对手。
有时会降低对手的命中率。"
540,psystrike,精神击破,5,14,100,10,100,0,10,3,283,,"将神奇的念波实体化攻击对手。
给予物理伤害。"
541,tail-slap,扫尾拍打,5,1,25,10,85,0,10,2,30,,"用坚硬的尾巴
拍打对手进行攻击。
连续攻击２～５次。"
542,hurricane,暴风,5,3,110,10,70,0,10,3,334,30,"用强烈的风席卷
对手进行攻击。
有时会使对手混乱。"
543,head-charge,爆炸头突击,5,1,120,15,100,0,10,2,49,,"用厉害的爆炸头
猛撞向对手进行攻击。
自己也会受到少许伤害。"
544,gear-grind,齿轮飞盘,5,9,50,15,85,0,10,2,45,,"向对手投掷
钢铁齿轮进行攻击。
连续２次给予伤害。"
545,searing-shot,火焰弹,5,10,100,5,100,0,9,3,5,30,"用熊熊烈火
攻击自己周围所有的宝可梦。
有时会陷入灼伤状态。"
546,techno-blast,高科技光炮,5,1,120,5,100,0,10,3,269,,"向对手放出光弹。
属性会根据自己
携带的卡带不同而改变。"
547,relic-song,古老之歌,5,1,75,10,100,0,11,3,330,10,"让对手听古老之歌，
打动对手的内心进行攻击。
有时会让对手陷入睡眠状态。"
548,secret-sword,神秘之剑,5,2,85,10,100,0,10,3,283,,"用长角切斩对手进行攻击。
角上拥有的神奇力量
将给予物理伤害。"
549,glaciate,冰封世界,5,15,65,10,95,0,11,3,331,100,"将冰冻的冷气
吹向对手进行攻击。
会降低对手的速度。"
550,bolt-strike,雷击,5,13,130,5,85,0,10,2,7,20,"让强大的电流覆盖全身，
猛撞向对手进行攻击。
有时会让对手陷入麻痹状态。"
551,blue-flare,青焰,5,10,130,5,85,0,10,3,5,20,"用美丽而激烈的青焰
包裹住对手进行攻击。
有时会让对手陷入灼伤状态。"
552,fiery-dance,火之舞,5,10,80,10,100,0,10,3,277,50,"让火焰覆盖全身，
振翅攻击对手。
有时会提高自己的特攻。"
553,freeze-shock,冰冻伏特,5,15,140,5,90,0,10,2,332,30,"用覆盖着电流的冰块，
在第２回合撞向对手。
有时会让对手陷入麻痹状态。"
554,ice-burn,极寒冷焰,5,15,140,5,90,0,10,3,333,30,"用能够冻结一切的强烈冷气，
在第２回合包裹住对手。
有时会让对手陷入灼伤状态。"
555,snarl,大声咆哮,5,17,55,15,95,0,11,3,72,100,"没完没了地大声斥责，
从而降低对手的特攻。"
556,icicle-crash,冰柱坠击,5,15,85,10,90,0,10,2,32,30,"用大冰柱激烈地
撞向对手进行攻击。
有时会使对手畏缩。"
557,v-create,Ｖ热焰,5,10,180,5,95,0,10,2,335,100,"从前额产生灼热的火焰，
舍身撞击对手。
防御、特防和速度会降低。"
558,fusion-flare,交错火焰,5,10,100,5,100,0,10,3,336,,"释放出巨大的火焰。
受到巨大的闪电影响时，
招式威力会提高。"
559,fusion-bolt,交错闪电,5,13,100,5,100,0,10,2,337,,"释放出巨大的闪电。
受到巨大的火焰影响时，
招式威力会提高。"
560,flying-press,飞身重压,6,2,100,10,95,0,10,2,338,,"从空中俯冲向对手。
此招式同时带有
格斗属性和飞行属性。"
561,mat-block,掀榻榻米,6,2,,10,,0,4,1,377,,"将掀起来的榻榻米当作盾牌，
防住自己和同伴免受招式伤害。
变化招式无法防住。"
562,belch,打嗝,6,4,120,10,90,0,10,3,339,,"朝着对手打嗝，
并给予伤害。
如果不吃树果则无法使出。"
563,rototiller,耕地,6,5,,10,,0,14,1,340,100,"无法使用这个招式。
虽然忘记之后就再也想不起来了，
但还是建议忘记这个招式。"
564,sticky-web,黏黏网,6,7,,20,,0,6,1,341,,"在对手周围围上黏黏的网，
降低替换出场的对手的速度。"
565,fell-stinger,致命针刺,6,7,50,25,100,0,10,2,342,,"如果使用此招式打倒对手，
攻击会巨幅提高。"
566,phantom-force,潜灵奇袭,6,8,90,10,100,0,10,2,273,,"第１回合消失在某处，
第２回合攻击对手。
可以无视守护进行攻击。"
567,trick-or-treat,万圣夜,6,8,,20,100,0,10,1,343,,"邀请对手参加万圣夜。
使对手被追加幽灵属性。"
568,noble-roar,战吼,6,1,,30,100,0,10,1,344,100,"发出战吼威吓对手，
从而降低对手的攻击和特攻。"
569,ion-deluge,等离子浴,6,13,,25,,1,12,1,345,,"无法使用这个招式。
虽然忘记之后就再也想不起来了，
但还是建议忘记这个招式。"
570,parabolic-charge,抛物面充电,6,13,65,20,100,0,9,3,346,,"给周围全体宝可梦造成伤害。
可以回复给予伤害的一半HP。"
571,forests-curse,森林诅咒,6,12,,20,100,0,10,1,376,,"向对手施加森林诅咒。
中了诅咒的对手
会被追加草属性。"
572,petal-blizzard,落英缤纷,6,12,90,15,100,0,9,2,379,,"猛烈地刮起飞雪般的落花，
攻击周围所有的宝可梦，
并给予伤害。"
573,freeze-dry,冷冻干燥,6,15,70,20,100,0,10,3,380,10,"急剧冷冻对手，
有时会让对手陷入冰冻状态。
对于水属性宝可梦也是效果绝佳。"
574,disarming-voice,魅惑之声,6,18,40,15,,0,11,3,381,,"发出魅惑的叫声，
给予对手精神上的伤害。
攻击必定会命中。"
575,parting-shot,抛下狠话,6,17,,20,100,0,10,1,347,100,"抛下狠话威吓对手，
降低攻击和特攻后，
和后备宝可梦进行替换。"
576,topsy-turvy,颠倒,6,17,,20,,0,10,1,348,,"颠倒对手身上的
所有能力变化，
变成和原来相反的状态。"
577,draining-kiss,吸取之吻,6,18,50,10,100,0,10,3,349,,"用一个吻吸取对手的ＨＰ。
回复给予对手
伤害的一半以上的ＨＰ。"
578,crafty-shield,戏法防守,6,18,,10,,3,4,1,350,,"使用神奇的力量
防住攻击我方的变化招式。
但无法防住伤害招式的攻击。"
579,flower-shield,鲜花防守,6,18,,10,,0,14,1,351,100,"使用神奇的力量
提高在场的所有
草属性宝可梦的防御。"
580,grassy-terrain,青草场地,6,12,,10,,0,12,1,352,,"在５回合内变成青草场地。
地面上的宝可梦每回合都能回复。
草属性的招式威力还会提高。"
581,misty-terrain,薄雾场地,6,18,,10,,0,12,1,353,,"在５回合内，
地面上的宝可梦不会陷入异常状态。
龙属性招式的伤害也会减半。"
582,electrify,输电,6,13,,20,,0,10,1,354,,"对手使出招式前，
如果输电，则该回合
对手的招式变成电属性。"
583,play-rough,嬉闹,6,18,90,10,90,0,10,2,69,10,"与对手嬉闹并攻击。
有时会降低对手的攻击。"
584,fairy-wind,妖精之风,6,18,40,30,100,0,10,3,1,,"刮起妖精之风，
吹向对手进行攻击。"
585,moonblast,月亮之力,6,18,95,15,100,0,10,3,72,30,"借用月亮的力量攻击对手。
有时会降低对手的特攻。"
586,boomburst,爆音波,6,1,140,10,100,0,9,3,379,,"通过震耳欲聋的爆炸声
产生的破坏力，
攻击自己周围所有的宝可梦。"
587,fairy-lock,妖精之锁,6,18,,10,,0,12,1,355,,"通过封锁，
下一回合所有的
宝可梦都无法逃走。"
588,kings-shield,王者盾牌,6,9,,10,,4,7,1,356,,"防住对手攻击的同时，
自己变为防御姿态。
能够降低所接触到的对手的攻击。"
589,play-nice,和睦相处,6,1,,20,,0,10,1,357,100,"和对手和睦相处，
使其失去战斗的气力，
从而降低对手的攻击。"
590,confide,密语,6,1,,20,,0,10,1,358,100,"和对手进行密语，
使其失去集中力，
从而降低对手的特攻。"
591,diamond-storm,钻石风暴,6,6,100,5,95,0,11,2,359,50,"掀起钻石风暴给予伤害。
有时会大幅提高自己的防御。"
592,steam-eruption,蒸汽爆炸,6,11,110,5,95,0,10,3,5,30,"将滚烫的蒸汽喷向对手。
有时会让对手灼伤。"
593,hyperspace-hole,异次元洞,6,14,80,5,,0,10,3,360,,"通过异次元洞，
突然出现在对手的侧面进行攻击。
还可以无视守住和看穿等招式。"
594,water-shuriken,飞水手里剑,6,11,15,20,100,1,10,3,361,,"用粘液制成的手里剑，
连续攻击２～５次。
必定能够先制攻击。"
595,mystical-fire,魔法火焰,6,10,75,10,100,0,10,3,72,100,"从口中喷出特别灼热的
火焰进行攻击。
降低对手的特攻。"
596,spiky-shield,尖刺防守,6,12,,10,,4,7,1,362,,"防住对手攻击的同时，
削减接触到自己的对手的体力。"
597,aromatic-mist,芳香薄雾,6,18,,20,,0,3,1,363,,"通过神奇的芳香，
提高我方宝可梦的特防。"
598,eerie-impulse,怪异电波,6,13,,15,100,0,10,1,62,,"从身体放射出怪异电波，
让对手沐浴其中，
从而大幅降低其特攻。"
599,venom-drench,毒液陷阱,6,4,,20,100,0,11,1,364,100,"将特殊的毒液泼向对手。
对处于中毒状态的对手，
其攻击、特攻和速度都会降低。"
600,powder,粉尘,6,7,,20,100,1,10,1,378,,"如果被撒到粉尘的对手
使用火招式，
则会爆炸并给予伤害。"
601,geomancy,大地掌控,6,18,,10,,0,7,1,366,,"第１回合吸收能量，
第２回合大幅提高
特攻、特防和速度。"
602,magnetic-flux,磁场操控,6,13,,20,,0,13,1,367,,"通过操控磁场，
会提高特性为正电和负电的
宝可梦的防御和特防。"
603,happy-hour,欢乐时光,6,1,,30,,0,4,1,368,,"如果使用欢乐时光，
战斗后得到的钱会翻倍。"
604,electric-terrain,电气场地,6,13,,10,,0,12,1,369,,"在５回合内变成电气场地。
地面上的宝可梦将无法入眠。
电属性的招式威力还会提高。"
605,dazzling-gleam,魔法闪耀,6,18,80,10,100,0,11,3,1,,"向对手发射强光，
并给予伤害。"
606,celebrate,庆祝,6,1,,40,,0,7,1,370,,"宝可梦为十分
开心的你庆祝。"
607,hold-hands,牵手,6,1,,40,,0,3,1,371,,"我方宝可梦之间牵手。
能带来非常幸福的心情。"
608,baby-doll-eyes,圆瞳,6,18,,30,100,1,10,1,365,,"用圆瞳凝视对手，
从而降低其攻击。
必定能够先制攻击。"
609,nuzzle,蹭蹭脸颊,6,13,20,20,100,0,10,2,372,100,"将带电的脸颊
蹭蹭对手进行攻击。
让对手陷入麻痹状态。"
610,hold-back,手下留情,6,1,40,40,100,0,10,2,102,,"在攻击的时候手下留情，
从而使对手的ＨＰ
至少会留下１ＨＰ。"
611,infestation,死缠烂打,6,7,20,20,100,0,10,3,43,100,"在４～５回合内
死缠烂打地进行攻击。
在此期间对手将无法逃走。"
612,power-up-punch,增强拳,6,2,40,20,100,0,10,2,375,100,"通过反复击打对手，
使自己的拳头慢慢变硬。
打中对手攻击就会提高。"
613,oblivion-wing,死亡之翼,6,3,80,10,100,0,10,3,349,,"从锁定的对手身上吸取ＨＰ。
回复给予对手
伤害的一半以上的ＨＰ。"
614,thousand-arrows,千箭齐发,6,5,90,10,100,0,11,2,373,100,"可以击中浮在空中的宝可梦。
空中的对手被击落后，
会掉到地面。"
615,thousand-waves,千波激荡,6,5,90,10,100,0,11,2,374,,"从地面掀起波浪进行攻击。
被掀入波浪中的对手，
将无法从战斗中逃走。"
616,lands-wrath,大地神力,6,5,90,10,100,0,11,2,1,,"聚集大地的力量，
将此力量集中攻击对手，
并给予伤害。"
617,light-of-ruin,破灭之光,6,18,140,5,90,0,10,3,270,,"借用永恒之花的力量，
发射出强力光线。
自己也会受到不小的伤害。"
618,origin-pulse,根源波动,6,11,110,10,85,0,11,3,1,,"用无数青白色
且闪耀的光线攻击对手。"
619,precipice-blades,断崖之剑,6,5,120,10,85,0,11,2,1,,"将大地的力量变化为利刃
攻击对手。"
620,dragon-ascent,画龙点睛,6,3,120,5,100,0,10,2,230,100,"从天空中急速下降攻击对手。
自己的防御和特防会降低。"
621,hyperspace-fury,异次元猛攻,6,17,100,5,,0,10,2,360,100,"用许多手臂，无视对手的
守住或看穿等招式进行连续攻击，
自己的防御会降低。"
622,breakneck-blitz--physical,究极无敌大冲撞,7,1,,1,,0,10,2,1,,"无法使用这个招式。
虽然忘记之后就再也想不起来了，
但还是建议忘记这个招式。"
623,breakneck-blitz--special,究极无敌大冲撞,7,1,,1,,0,10,3,1,,"无法使用这个招式。
虽然忘记之后就再也想不起来了，
但还是建议忘记这个招式。"
624,all-out-pummeling--physical,全力无双激烈拳,7,2,,1,,0,10,2,1,,"无法使用这个招式。
虽然忘记之后就再也想不起来了，
但还是建议忘记这个招式。"
625,all-out-pummeling--special,全力无双激烈拳,7,2,,1,,0,10,3,1,,"无法使用这个招式。
虽然忘记之后就再也想不起来了，
但还是建议忘记这个招式。"
626,supersonic-skystrike--physical,极速俯冲轰烈撞,7,3,,1,,0,10,2,1,,"无法使用这个招式。
虽然忘记之后就再也想不起来了，
但还是建议忘记这个招式。"
627,supersonic-skystrike--special,极速俯冲轰烈撞,7,3,,1,,0,10,3,1,,"无法使用这个招式。
虽然忘记之后就再也想不起来了，
但还是建议忘记这个招式。"
628,acid-downpour--physical,强酸剧毒灭绝雨,7,4,,1,,0,10,2,1,,"无法使用这个招式。
虽然忘记之后就再也想不起来了，
但还是建议忘记这个招式。"
629,acid-downpour--special,强酸剧毒灭绝雨,7,4,,1,,0,10,3,1,,"无法使用这个招式。
虽然忘记之后就再也想不起来了，
但还是建议忘记这个招式。"
630,tectonic-rage--physical,地隆啸天大终结,7,5,,1,,0,10,2,1,,"无法使用这个招式。
虽然忘记之后就再也想不起来了，
但还是建议忘记这个招式。"
631,tectonic-rage--special,地隆啸天大终结,7,5,,1,,0,10,3,1,,"无法使用这个招式。
虽然忘记之后就再也想不起来了，
但还是建议忘记这个招式。"
632,continental-crush--physical,毁天灭地巨岩坠,7,6,,1,,0,10,2,1,,"无法使用这个招式。
虽然忘记之后就再也想不起来了，
但还是建议忘记这个招式。"
633,continental-crush--special,毁天灭地巨岩坠,7,6,,1,,0,10,3,1,,"无法使用这个招式。
虽然忘记之后就再也想不起来了，
但还是建议忘记这个招式。"
634,savage-spin-out--physical,绝对捕食回旋斩,7,7,,1,,0,10,2,1,,"无法使用这个招式。
虽然忘记之后就再也想不起来了，
但还是建议忘记这个招式。"
635,savage-spin-out--special,绝对捕食回旋斩,7,7,,1,,0,10,3,1,,"无法使用这个招式。
虽然忘记之后就再也想不起来了，
但还是建议忘记这个招式。"
636,never-ending-nightmare--physical,无尽暗夜之诱惑,7,8,,1,,0,10,2,1,,"无法使用这个招式。
虽然忘记之后就再也想不起来了，
但还是建议忘记这个招式。"
637,never-ending-nightmare--special,无尽暗夜之诱惑,7,8,,1,,0,10,3,1,,"无法使用这个招式。
虽然忘记之后就再也想不起来了，
但还是建议忘记这个招式。"
638,corkscrew-crash--physical,超绝螺旋连击,7,9,,1,,0,10,2,1,,"无法使用这个招式。
虽然忘记之后就再也想不起来了，
但还是建议忘记这个招式。"
639,corkscrew-crash--special,超绝螺旋连击,7,9,,1,,0,10,3,1,,"无法使用这个招式。
虽然忘记之后就再也想不起来了，
但还是建议忘记这个招式。"
640,inferno-overdrive--physical,超强极限爆焰弹,7,10,,1,,0,10,2,1,,"无法使用这个招式。
虽然忘记之后就再也想不起来了，
但还是建议忘记这个招式。"
641,inferno-overdrive--special,超强极限爆焰弹,7,10,,1,,0,10,3,1,,"无法使用这个招式。
虽然忘记之后就再也想不起来了，
但还是建议忘记这个招式。"
642,hydro-vortex--physical,超级水流大漩涡,7,11,,1,,0,10,2,1,,"无法使用这个招式。
虽然忘记之后就再也想不起来了，
但还是建议忘记这个招式。"
643,hydro-vortex--special,超级水流大漩涡,7,11,,1,,0,10,3,1,,"无法使用这个招式。
虽然忘记之后就再也想不起来了，
但还是建议忘记这个招式。"
644,bloom-doom--physical,绚烂缤纷花怒放,7,12,,1,,0,10,2,1,,"无法使用这个招式。
虽然忘记之后就再也想不起来了，
但还是建议忘记这个招式。"
645,bloom-doom--special,绚烂缤纷花怒放,7,12,,1,,0,10,3,1,,"无法使用这个招式。
虽然忘记之后就再也想不起来了，
但还是建议忘记这个招式。"
646,gigavolt-havoc--physical,终极伏特狂雷闪,7,13,,1,,0,10,2,1,,"无法使用这个招式。
虽然忘记之后就再也想不起来了，
但还是建议忘记这个招式。"
647,gigavolt-havoc--special,终极伏特狂雷闪,7,13,,1,,0,10,3,1,,"无法使用这个招式。
虽然忘记之后就再也想不起来了，
但还是建议忘记这个招式。"
648,shattered-psyche--physical,至高精神破坏波,7,14,,1,,0,10,2,1,,"无法使用这个招式。
虽然忘记之后就再也想不起来了，
但还是建议忘记这个招式。"
649,shattered-psyche--special,至高精神破坏波,7,14,,1,,0,10,3,1,,"无法使用这个招式。
虽然忘记之后就再也想不起来了，
但还是建议忘记这个招式。"
650,subzero-slammer--physical,激狂大地万里冰,7,15,,1,,0,10,2,1,,"无法使用这个招式。
虽然忘记之后就再也想不起来了，
但还是建议忘记这个招式。"
651,subzero-slammer--special,激狂大地万里冰,7,15,,1,,0,10,3,1,,"无法使用这个招式。
虽然忘记之后就再也想不起来了，
但还是建议忘记这个招式。"
652,devastating-drake--physical,究极巨龙震天地,7,16,,1,,0,10,2,1,,"无法使用这个招式。
虽然忘记之后就再也想不起来了，
但还是建议忘记这个招式。"
653,devastating-drake--special,究极巨龙震天地,7,16,,1,,0,10,3,1,,"无法使用这个招式。
虽然忘记之后就再也想不起来了，
但还是建议忘记这个招式。"
654,black-hole-eclipse--physical,黑洞吞噬万物灭,7,17,,1,,0,10,2,1,,"无法使用这个招式。
虽然忘记之后就再也想不起来了，
但还是建议忘记这个招式。"
655,black-hole-eclipse--special,黑洞吞噬万物灭,7,17,,1,,0,10,3,1,,"无法使用这个招式。
虽然忘记之后就再也想不起来了，
但还是建议忘记这个招式。"
656,twinkle-tackle--physical,可爱星星飞天撞,7,18,,1,,0,10,2,1,,"无法使用这个招式。
虽然忘记之后就再也想不起来了，
但还是建议忘记这个招式。"
657,twinkle-tackle--special,可爱星星飞天撞,7,18,,1,,0,10,3,1,,"无法使用这个招式。
虽然忘记之后就再也想不起来了，
但还是建议忘记这个招式。"
658,catastropika,皮卡皮卡必杀击,7,13,210,1,,0,10,2,1,,"无法使用这个招式。
虽然忘记之后就再也想不起来了，
但还是建议忘记这个招式。"
659,shore-up,集沙,7,5,,5,,0,7,1,382,,"回复自己最大ＨＰ的一半。
在沙暴中回复得更多。"
660,first-impression,迎头一击,7,7,90,10,100,2,10,2,383,,"威力很高的招式，
但只有在出场战斗时，
立刻使出才能成功。"
661,baneful-bunker,碉堡,7,4,,10,,4,7,1,384,,"防住对手攻击的同时，
让接触到自己的对手中毒。"
662,spirit-shackle,缝影,7,8,80,10,100,0,10,2,385,,"攻击的同时，
缝住对手的影子，
使其无法逃走。"
663,darkest-lariat,ＤＤ金勾臂,7,17,85,10,100,0,10,2,304,,"旋转双臂打向对手。
无视对手的能力变化，
直接给予伤害。"
664,sparkling-aria,泡影的咏叹调,7,11,90,10,100,0,9,3,386,,"随着唱歌会放出很多气球。
受到此招式攻击时，
灼伤会被治愈。"
665,ice-hammer,冰锤,7,15,100,10,90,0,10,2,219,100,"挥舞强力而沉重的拳头，
给予对手伤害。
自己的速度会降低。"
666,floral-healing,花疗,7,18,,10,,0,10,1,387,,"回复对手最大ＨＰ的一半。
在青草场地时，效果会提高。"
667,high-horsepower,十万马力,7,5,95,10,95,0,10,2,1,,"使出全身力量，
猛攻对手。"
668,strength-sap,吸取力量,7,12,,10,100,0,10,1,388,100,"给自己回复和对手攻击力
相同数值的ＨＰ，
然后降低对手的攻击。"
669,solar-blade,日光刃,7,12,125,10,100,0,10,2,152,,"第１回合收集满满的日光，
第２回合将此力量
集中在剑上进行攻击。"
670,leafage,树叶,7,12,40,40,100,0,10,2,1,,"将叶片打向对手，
进行攻击。"
671,spotlight,聚光灯,7,1,,15,,3,10,1,389,,"无法使用这个招式。
虽然忘记之后就再也想不起来了，
但还是建议忘记这个招式。"
672,toxic-thread,毒丝,7,4,,20,100,0,10,1,390,100,"将混有毒的丝吐向对手。
使其中毒，
从而降低对手的速度。"
673,laser-focus,磨砺,7,1,,30,,0,7,1,391,,"集中精神，
下次攻击必定会击中要害。"
674,gear-up,辅助齿轮,7,9,,20,,0,13,1,392,,"启动齿轮，
提高特性为正电和负电的
宝可梦的攻击和特攻。"
675,throat-chop,地狱突刺,7,17,80,15,100,0,10,2,393,100,"受到此招式攻击的对手，
会因为地狱般的痛苦，在２回合内，
变得无法使出声音类招式。"
676,pollen-puff,花粉团,7,7,90,15,100,0,10,3,394,,"对敌人使用是会爆炸的团子。
对我方使用则是给予回复的团子。"
677,anchor-shot,掷锚,7,9,80,20,100,0,10,2,385,,"将锚缠住对手进行攻击。
使对手无法逃走。"
678,psychic-terrain,精神场地,7,14,,10,,0,12,1,395,,"在５回合内，地面上的宝可梦
不会受到先制招式的攻击。
超能力属性的招式威力会提高。"
679,lunge,猛扑,7,7,80,15,100,0,10,2,396,100,"全力猛扑对手进行攻击。
从而降低对手的攻击。"
680,fire-lash,火焰鞭,7,10,80,15,100,0,10,2,397,100,"用燃烧的鞭子抽打对手。
受到攻击的对手防御会降低。"
681,power-trip,嚣张,7,17,20,10,100,0,10,2,306,,"耀武扬威地攻击对手，
自己的能力提高得越多，
威力就越大。"
682,burn-up,燃尽,7,10,130,5,100,0,10,3,398,,"将自己全身燃烧起火焰来，
给予对手大大的伤害。
自己的火属性将会消失。"
683,speed-swap,速度互换,7,14,,10,,0,10,1,399,,"将对手和自己的速度
进行互换。"
684,smart-strike,修长之角,7,9,70,10,,0,10,2,18,,"用尖尖的角刺入对手进行攻击。
攻击必定会命中。"
685,purify,净化,7,4,,20,,0,10,1,400,,"治愈对手的异常状态。
治愈后可以回复自己的ＨＰ。"
686,revelation-dance,觉醒之舞,7,1,90,15,100,0,10,3,401,,"全力跳舞进行攻击。
此招式的属性将
变得和自己的属性相同。"
687,core-enforcer,核心惩罚者,7,16,100,10,100,0,11,3,402,,"如果给予过伤害的对手
已经结束行动，
其特性就会被消除。"
688,trop-kick,热带踢,7,12,70,15,100,0,10,2,396,100,"向对手使出来自南国的火热脚踢。
从而降低对手的攻击。"
689,instruct,号令,7,14,,15,,0,10,1,403,,"向对手下达指示，
让其再次使出刚才的招式。"
690,beak-blast,鸟嘴加农炮,7,3,100,15,100,-3,10,2,404,,"先加热鸟嘴后再进行攻击。
鸟嘴在加热时对手触碰的话，
就会使其灼伤。"
691,clanging-scales,鳞片噪音,7,16,110,5,100,0,11,3,405,100,"摩擦全身鳞片，
发出响亮的声音进行攻击。
攻击后自己的防御会降低。"
692,dragon-hammer,龙锤,7,16,90,15,100,0,10,2,1,,"将身体当作锤子，
向对手发动袭击，
给予伤害。"
693,brutal-swing,狂舞挥打,7,17,60,20,100,0,9,2,406,,"用自己的身体狂舞挥打，
给予对手伤害。"
694,aurora-veil,极光幕,7,15,,20,,0,4,1,407,,"在５回合内减弱
物理和特殊的伤害。
只有冰雹时才能使出。"
695,sinister-arrow-raid,遮天蔽日暗影箭,7,8,180,1,,0,10,2,1,,"无法使用这个招式。
虽然忘记之后就再也想不起来了，
但还是建议忘记这个招式。"
696,malicious-moonsault,极恶飞跃粉碎击,7,17,180,1,,0,10,2,1,,"无法使用这个招式。
虽然忘记之后就再也想不起来了，
但还是建议忘记这个招式。"
697,oceanic-operetta,海神庄严交响乐,7,11,195,1,,0,10,3,1,,"无法使用这个招式。
虽然忘记之后就再也想不起来了，
但还是建议忘记这个招式。"
698,guardian-of-alola,巨人卫士・阿罗拉,7,18,,1,,0,10,3,413,,"无法使用这个招式。
虽然忘记之后就再也想不起来了，
但还是建议忘记这个招式。"
699,soul-stealing-7-star-strike,七星夺魂腿,7,8,195,1,,0,10,2,1,,"无法使用这个招式。
虽然忘记之后就再也想不起来了，
但还是建议忘记这个招式。"
700,stoked-sparksurfer,驾雷驭电戏冲浪,7,13,175,1,,0,10,3,7,100,"无法使用这个招式。
虽然忘记之后就再也想不起来了，
但还是建议忘记这个招式。"
701,pulverizing-pancake,认真起来大爆击,7,1,210,1,,0,10,2,1,,"无法使用这个招式。
虽然忘记之后就再也想不起来了，
但还是建议忘记这个招式。"
702,extreme-evoboost,九彩升华齐聚顶,7,1,,1,,0,7,1,414,100,"无法使用这个招式。
虽然忘记之后就再也想不起来了，
但还是建议忘记这个招式。"
703,genesis-supernova,起源超新星大爆炸,7,14,185,1,,0,10,3,415,,"无法使用这个招式。
虽然忘记之后就再也想不起来了，
但还是建议忘记这个招式。"
704,shell-trap,陷阱甲壳,7,10,150,5,100,-3,11,3,408,,"设下甲壳陷阱。
如果对手使出物理招式，
陷阱就会爆炸并给予对手伤害。"
705,fleur-cannon,花朵加农炮,7,18,130,5,90,0,10,3,205,100,"放出强力光束后，
自己的特攻会大幅降低。"
706,psychic-fangs,精神之牙,7,14,85,10,100,0,10,2,187,,"利用精神力量咬住对手进行攻击。
还可以破坏光墙和反射壁等。"
707,stomping-tantrum,跺脚,7,5,75,10,100,0,10,2,409,,"化悔恨为力量进行攻击。
如果上一回合招式没有打中，
威力就会翻倍。"
708,shadow-bone,暗影之骨,7,8,85,10,100,0,10,2,70,20,"用附有灵魂的骨头
殴打对手进行攻击。
有时会降低对手的防御。"
709,accelerock,冲岩,7,6,40,20,100,1,10,2,104,,"迅速撞向对手进行攻击。
必定能够先制攻击。"
710,liquidation,水流裂破,7,11,85,10,100,0,10,2,70,20,"用水之力量撞向对手进行攻击。
有时会降低对手的防御。"
711,prismatic-laser,棱镜镭射,7,14,160,10,100,0,10,3,81,,"用棱镜的力量发射强烈光线。
下一回合自己将无法动弹。"
712,spectral-thief,暗影偷盗,7,8,90,10,100,0,10,2,410,,"潜入对手的影子进行攻击。
会夺取对手的能力提升。"
713,sunsteel-strike,流星闪冲,7,9,100,5,100,0,10,2,411,,"以流星般的气势猛撞对手。
可以无视对手的特性进行攻击。"
714,moongeist-beam,暗影之光,7,8,100,5,100,0,10,3,411,,"放出奇怪的光线攻击对手。
可以无视对手的特性进行攻击。"
715,tearful-look,泪眼汪汪,7,1,,20,,0,10,1,412,100,"变得泪眼汪汪，
让对手丧失斗志。
从而降低对手的攻击和特攻。"
716,zing-zap,麻麻刺刺,7,13,80,10,100,0,10,2,32,30,"撞向对手，并发出强电，
使其感到麻麻刺刺的。
有时会使对手畏缩。"
717,natures-madness,自然之怒,7,18,,10,90,0,10,3,41,,"向对手释放自然之怒。
对手的ＨＰ会减半。"
718,multi-attack,多属性攻击,7,1,120,10,100,0,10,2,269,,"一边覆盖高能量，
一边撞向对手进行攻击。
根据存储碟不同，属性会改变。"
719,10-000-000-volt-thunderbolt,千万伏特,7,13,195,1,,0,10,3,1,,"无法使用这个招式。
虽然忘记之后就再也想不起来了，
但还是建议忘记这个招式。"
720,mind-blown,惊爆大头,7,10,150,5,100,0,9,3,420,,"让自己的头爆炸，
来攻击周围的一切。
自己也会受到伤害。"
721,plasma-fists,等离子闪电拳,7,13,100,15,100,0,10,2,417,,"用覆盖着电流的拳头进行攻击。
使一般属性的招式变成电属性。"
722,photon-geyser,光子喷涌,7,14,100,5,100,0,10,3,1,,"用光柱来进行攻击。
比较自己的攻击和特攻，
用数值相对较高的一项给予对方伤害。"
723,light-that-burns-the-sky,焚天灭世炽光爆,7,14,200,1,,0,10,3,416,,"无法使用这个招式。
虽然忘记之后就再也想不起来了，
但还是建议忘记这个招式。"
724,searing-sunraze-smash,日光回旋下苍穹,7,9,200,1,,0,10,2,411,,"无法使用这个招式。
虽然忘记之后就再也想不起来了，
但还是建议忘记这个招式。"
725,menacing-moonraze-maelstrom,月华飞溅落灵霄,7,8,200,1,,0,10,3,411,,"无法使用这个招式。
虽然忘记之后就再也想不起来了，
但还是建议忘记这个招式。"
726,lets-snuggle-forever,亲密无间大乱揍,7,18,190,1,,0,10,2,1,,"无法使用这个招式。
虽然忘记之后就再也想不起来了，
但还是建议忘记这个招式。"
727,splintered-stormshards,狼啸石牙飓风暴,7,6,190,1,,0,10,2,418,,"无法使用这个招式。
虽然忘记之后就再也想不起来了，
但还是建议忘记这个招式。"
728,clangorous-soulblaze,炽魂热舞烈音爆,7,16,185,1,,0,11,3,419,100,"无法使用这个招式。
虽然忘记之后就再也想不起来了，
但还是建议忘记这个招式。"
729,zippy-zap,电电加速,7,13,80,10,100,2,10,2,1,100,"无法使用这个招式。
虽然忘记之后就再也想不起来了，
但还是建议忘记这个招式。"
730,splishy-splash,滔滔冲浪,7,11,90,15,100,0,11,3,1,30,"无法使用这个招式。
虽然忘记之后就再也想不起来了，
但还是建议忘记这个招式。"
731,floaty-fall,飘飘坠落,7,3,90,15,95,0,10,2,1,30,"无法使用这个招式。
虽然忘记之后就再也想不起来了，
但还是建议忘记这个招式。"
732,pika-papow,闪闪雷光,7,13,,20,,0,10,3,1,,"无法使用这个招式。
虽然忘记之后就再也想不起来了，
但还是建议忘记这个招式。"
733,bouncy-bubble,活活气泡,7,11,60,20,100,0,10,3,1,,"无法使用这个招式。
虽然忘记之后就再也想不起来了，
但还是建议忘记这个招式。"
734,buzzy-buzz,麻麻电击,7,13,60,20,100,0,10,3,1,100,"无法使用这个招式。
虽然忘记之后就再也想不起来了，
但还是建议忘记这个招式。"
735,sizzly-slide,熊熊火爆,7,10,60,20,100,0,10,2,1,100,"无法使用这个招式。
虽然忘记之后就再也想不起来了，
但还是建议忘记这个招式。"
736,glitzy-glow,哗哗气场,7,14,80,15,95,0,10,3,1,,"无法使用这个招式。
虽然忘记之后就再也想不起来了，
但还是建议忘记这个招式。"
737,baddy-bad,坏坏领域,7,17,80,15,95,0,10,3,1,,"无法使用这个招式。
虽然忘记之后就再也想不起来了，
但还是建议忘记这个招式。"
738,sappy-seed,茁茁轰炸,7,12,100,10,90,0,10,2,1,100,"无法使用这个招式。
虽然忘记之后就再也想不起来了，
但还是建议忘记这个招式。"
739,freezy-frost,冰冰霜冻,7,15,100,10,90,0,10,3,1,,"无法使用这个招式。
虽然忘记之后就再也想不起来了，
但还是建议忘记这个招式。"
740,sparkly-swirl,亮亮风暴,7,18,120,5,85,0,10,3,1,,"无法使用这个招式。
虽然忘记之后就再也想不起来了，
但还是建议忘记这个招式。"
741,veevee-volley,砰砰击破,7,1,,20,,0,10,2,1,,"无法使用这个招式。
虽然忘记之后就再也想不起来了，
但还是建议忘记这个招式。"
742,double-iron-bash,钢拳双击,7,9,60,5,100,0,10,2,45,30,"以胸口的螺帽为中心旋转，
并连续２次挥动手臂打击对手。
有时会使对手畏缩。"
743,max-guard,极巨防壁,8,1,,10,,4,7,1,112,,"完全抵挡
对手的攻击。
连续使出则容易失败。"
744,dynamax-cannon,极巨炮,8,16,100,5,100,0,10,3,421,,"从核心放出光束进行攻击。
如果对手正处于极巨化状态，
则造成的伤害会变为２倍。"
745,snipe-shot,狙击,8,11,80,15,100,0,10,3,422,,"能无视具有吸引对手招式效果的
特性或招式的影响。
可以向选定的对手进行攻击。"
746,jaw-lock,紧咬不放,8,17,80,10,100,0,10,2,423,,"使双方直到一方濒死为止
无法替换宝可梦。
其中一方退场则可以解除效果。"
747,stuff-cheeks,大快朵颐,8,1,,10,,0,7,1,424,100,"吃掉携带的树果，
大幅提高防御。"
748,no-retreat,背水一战,8,2,,5,,0,7,1,425,100,"提高自己的所有能力，
但无法替换或逃走。"
749,tar-shot,沥青射击,8,6,,15,100,0,10,1,426,100,"泼洒黏糊糊的沥青，
降低对手的速度，
并且使对手的弱点变为火。"
750,magic-powder,魔法粉,8,14,,20,100,0,10,1,427,,"向对手喷洒魔法粉，
使对手变为超能力属性。"
751,dragon-darts,龙箭,8,16,50,10,100,0,10,2,428,,"让多龙梅西亚进行２次攻击。
如果对手有２只宝可梦，
则对它们各进行１次攻击。"
752,teatime,茶会,8,1,,10,,0,14,1,429,,"举办一场茶会，
场上的所有宝可梦都会
吃掉自己携带的树果。"
753,octolock,蛸固,8,2,,15,100,0,10,1,430,,"让对手无法逃走。
对手被固定后，
每回合都会降低防御和特防。"
754,bolt-beak,电喙,8,13,85,10,100,0,10,2,431,,"用带电的喙啄刺对手。
如果比对手先出手攻击，
招式的威力会变成２倍。"
755,fishious-rend,鳃咬,8,11,85,10,100,0,10,2,431,,"用坚硬的腮咬住对手。
如果比对手先出手攻击，
招式的威力会变成２倍。"
756,court-change,换场,8,1,,10,100,0,12,1,432,,"用神奇的力量
交换双方的场地效果。"
757,max-flare,极巨火爆,8,10,100,10,,0,2,2,1,,"极巨化宝可梦使出的火属性攻击。
可在５回合内让日照变得强烈。"
758,max-flutterby,极巨虫蛊,8,7,10,10,,0,2,2,1,,"极巨化宝可梦使出的虫属性攻击。
会降低对手的特攻。"
759,max-lightning,极巨闪电,8,13,10,10,,0,2,2,1,,"极巨化宝可梦使出的电属性攻击。
可在５回合内将脚下变成电气场地。"
760,max-strike,极巨攻击,8,1,10,10,,0,2,2,1,,"极巨化宝可梦使出的一般属性攻击。
会降低对手的速度。"
761,max-knuckle,极巨拳斗,8,2,10,10,,0,2,2,1,,"极巨化宝可梦使出的格斗属性攻击。
会提高我方的攻击。"
762,max-phantasm,极巨幽魂,8,8,10,10,,0,2,2,1,,"极巨化宝可梦使出的幽灵属性攻击。
会降低对手的防御。"
763,max-hailstorm,极巨寒冰,8,15,10,10,,0,2,2,1,,"极巨化宝可梦
才能使出的冰属性攻击。
在５回合内会降下冰雹。"
764,max-ooze,极巨酸毒,8,4,10,10,,0,2,2,1,,"极巨化宝可梦使出的毒属性攻击。
会提高我方的特攻。"
765,max-geyser,极巨水流,8,11,10,10,,0,2,2,1,,"极巨化宝可梦使出的水属性攻击。
可在５回合内降下大雨。"
766,max-airstream,极巨飞冲,8,3,10,10,,0,2,2,1,,"极巨化宝可梦使出的飞行属性攻击。
会提高我方的速度。"
767,max-starfall,极巨妖精,8,18,10,10,,0,2,2,1,,"极巨化宝可梦使出的妖精属性攻击。
可在５回合内将脚下变成薄雾场地。"
768,max-wyrmwind,极巨龙骑,8,16,10,10,,0,2,2,1,,"极巨化宝可梦使出的龙属性攻击。
会降低对手的攻击。"
769,max-mindstorm,极巨超能,8,14,10,10,,0,2,2,1,,"极巨化宝可梦使出的超能力属性攻击。
可在５回合内将脚下变成精神场地。"
770,max-rockfall,极巨岩石,8,6,10,10,,0,2,2,1,,"极巨化宝可梦使出的岩石属性攻击。
可在５回合内卷起沙暴。"
771,max-quake,极巨大地,8,5,10,10,,0,2,2,1,,"极巨化宝可梦使出的地面属性攻击。
会提高我方的特防。"
772,max-darkness,极巨恶霸,8,17,10,10,,0,2,2,1,,"极巨化宝可梦使出的恶属性攻击。
会降低对手的特防。"
773,max-overgrowth,极巨草原,8,12,10,10,,0,2,2,1,,"极巨化宝可梦使出的草属性攻击。
可在５回合内将脚下变成青草场地。"
774,max-steelspike,极巨钢铁,8,9,10,10,,0,2,2,1,,"极巨化宝可梦使出的钢属性攻击。
会提高我方的防御。"
775,clangorous-soul,魂舞烈音爆,8,16,,5,100,0,7,1,433,100,"削减少许自己的ＨＰ，
使所有能力都提高。"
776,body-press,扑击,8,2,80,10,100,0,10,2,434,,"用身体撞向对手进行攻击。
防御越高，
给予的伤害就越高。"
777,decorate,装饰,8,18,,15,,0,10,1,435,100,"通过装饰，
大幅提高对方的
攻击和特攻。"
778,drum-beating,鼓击,8,12,80,10,100,0,10,2,71,100,"用鼓点来控制
鼓的根部进行攻击，
从而降低对手的速度。"
779,snap-trap,捕兽夹,8,12,35,15,100,0,10,2,43,100,"使用捕兽夹，
在４～５回合内，
夹住对手进行攻击。"
780,pyro-ball,火焰球,8,10,120,5,90,0,10,2,5,10,"点燃小石子，形成火球攻击对手。
有时会使对手陷入灼伤状态。"
781,behemoth-blade,巨兽斩,8,9,100,5,100,0,10,2,436,,"变身为巨大的剑，挥斩对手。
如果对手正处于极巨化状态，
则造成的伤害会变为２倍。"
782,behemoth-bash,巨兽弹,8,9,100,5,100,0,10,2,436,,"变身为巨大的盾，撞击对手。
如果对手正处于极巨化状态，
则造成的伤害会变为２倍。"
783,aura-wheel,气场轮,8,13,110,10,100,0,10,2,437,100,"用储存在颊囊里的能量
进行攻击，并提高自己的速度。
其属性会随着莫鲁贝可的样子而改变。"
784,breaking-swipe,广域破坏,8,16,60,15,100,0,11,2,396,100,"用坚韧的尾巴
猛扫对手进行攻击，
从而降低对手的攻击。"
785,branch-poke,木枝突刺,8,12,40,40,100,0,10,2,1,,"使用尖锐的树枝
刺向对手进行攻击。"
786,overdrive,破音,8,13,80,10,100,0,11,3,439,,"奏响吉他和贝斯，释放出
发出巨响的剧烈震动
攻击对手。"
787,apple-acid,苹果酸,8,12,80,10,100,0,10,3,440,100,"使用从酸苹果中提取出来的
酸性液体进行攻击。
降低对手的特防。"
788,grav-apple,万有引力,8,12,80,10,100,0,10,2,397,100,"从高处落下苹果，
给予对手伤害。
可降低对手的防御。"
789,spirit-break,灵魂冲击,8,18,75,15,100,0,10,2,72,100,"用足以让对手一蹶不振的
气势进行攻击。
会降低对手的特攻。"
790,strange-steam,神奇蒸汽,8,18,90,10,95,0,10,3,77,20,"喷出烟雾攻击对手。
有时会使对手混乱。"
791,life-dew,生命水滴,8,11,,10,,0,13,1,441,,"喷洒出神奇的水，
回复自己和场上同伴的ＨＰ。"
792,obstruct,拦堵,8,17,,10,100,4,7,1,442,,"完全抵挡对手的攻击。
连续使出则容易失败。
一旦触碰，防御就会大幅降低。"
793,false-surrender,假跪真撞,8,17,80,10,,0,10,2,18,,"装作低头认错的样子，
用凌乱的头发进行突刺。
攻击必定会命中。"
794,meteor-assault,流星突击,8,2,150,5,100,0,10,2,81,,"大力挥舞粗壮的茎进行攻击。
但同时自己也会被晃晕，
下一回合自己将无法动弹。"
795,eternabeam,无极光束,8,16,160,5,90,0,10,3,81,,"无极汰那变回原来的样子后，
发动的最强攻击。
下一回合自己将无法动弹。"
796,steel-beam,铁蹄光线,8,9,140,5,95,0,10,3,420,,"将从全身聚集的钢铁
化为光束，激烈地发射出去。
自己也会受到伤害。"
797,expanding-force,广域战力,8,14,80,10,100,0,10,3,1,,"利用精神力量攻击对手。
在精神场地上威力会有所提高，
能对所有对手造成伤害。"
798,steel-roller,铁滚轮,8,9,130,5,100,0,10,2,1,,"在破坏场地的同时攻击对手。
如果脚下没有任何场地状态存在，
使出此招式时便会失败。"
799,scale-shot,鳞射,8,16,25,20,90,0,10,2,443,,"发射鳞片进行攻击。
连续攻击２～５次。
速度会提高但防御会降低。"
800,meteor-beam,流星光束,8,6,120,10,90,0,10,3,1,100,"第１回合聚集宇宙之力提高特攻，
第２回合攻击对手。"
801,shell-side-arm,臂贝武器,8,4,90,10,100,0,10,3,1,20,"从物理攻击和特殊攻击中选择
可造成较多伤害的方式进行攻击。
有时会让对手陷入中毒状态。"
802,misty-explosion,薄雾炸裂,8,18,100,5,100,0,9,3,1,,"对自己周围的所有宝可梦进行攻击，
但使出后，自己会陷入濒死。
在薄雾场地上，招式威力会提高。"
803,grassy-glide,青草滑梯,8,12,55,20,100,0,10,2,1,,"仿佛在地面上滑行般地攻击对手。
在青草场地上，
必定能够先制攻击。"
804,rising-voltage,电力上升,8,13,70,20,100,0,10,3,1,,"用从地面升腾而起的电击进行攻击。
当对手处于电气场地上时，
招式威力会变成２倍。"
805,terrain-pulse,大地波动,8,1,50,10,100,0,10,3,1,,"借助场地的力量进行攻击。
视使出招式时场地状态不同，
招式的属性和威力会有所变化。"
806,skitter-smack,爬击,8,7,70,10,90,0,10,2,1,100,"从对手背后爬近后进行攻击。
会降低对手的特攻。"
807,burning-jealousy,妒火,8,10,70,5,100,0,11,3,1,100,"用嫉妒的能量攻击对手。
会让在该回合内能力有所提高的
宝可梦陷入灼伤状态。"
808,lash-out,泄愤,8,17,75,5,100,0,10,2,1,,"攻击对手以发泄对其感到的恼怒情绪。
如果在该回合内自身能力遭到降低，
招式的威力会变成２倍。"
809,poltergeist,灵骚,8,8,110,5,90,0,10,2,1,,"操纵对手的持有物进行攻击。
当对手没有携带道具时，
使出此招式时便会失败。"
810,corrosive-gas,腐蚀气体,8,4,,40,100,0,9,1,1,,"用具有强酸性的气体
包裹住自己周围所有的宝可梦，
并融化其所携带的道具。"
811,coaching,指导,8,2,,10,,0,13,1,1,100,"通过进行正确合理的指导，
提高我方全员的攻击和防御。"
812,flip-turn,快速折返,8,11,60,20,100,0,10,2,1,,"在攻击之后急速返回，
和后备宝可梦进行替换。"
813,triple-axel,三旋击,8,15,20,10,90,0,10,2,1,,"连续３次踢对手进行攻击。
每踢中一次，威力就会提高。"
814,dual-wingbeat,双翼,8,3,40,10,90,0,10,2,1,,"将翅膀撞向对手进行攻击。
连续２次给予伤害。"
815,scorching-sands,热沙大地,8,5,70,10,100,0,10,3,5,30,"将滚烫的沙子砸向对手进行攻击。
有时会让对手陷入灼伤状态。"
816,jungle-healing,丛林治疗,8,12,,10,,0,13,1,1,,"与丛林融为一体，
回复自己和场上同伴的ＨＰ和状态。"
817,wicked-blow,暗冥强击,8,17,75,5,100,0,10,2,1,,"将恶之流派修炼至大成的
猛烈一击。
必定会击中要害。"
818,surging-strikes,水流连打,8,11,25,5,100,0,10,2,1,,"将水之流派修炼至大成的
仿若行云流水般的３次连击。
必定会击中要害。"
819,thunder-cage,雷电囚笼,8,13,80,15,90,0,10,3,1,100,"将对手困在
电流四溅的囚笼中，
在４～５回合内进行攻击。"
820,dragon-energy,巨龙威能,8,16,150,5,100,0,11,3,1,,"把生命力转换为力量攻击对手。
自己的ＨＰ越少，招式的威力越小。"
821,freezing-glare,冰冷视线,8,14,90,10,100,0,10,3,1,10,"从双眼发射精神力量进行攻击。
有时会让对手陷入冰冻状态。"
822,fiery-wrath,怒火中烧,8,17,90,10,100,0,11,3,1,20,"将愤怒转化为火焰般的气场进行攻击。
有时会使对手畏缩。"
823,thunderous-kick,雷鸣蹴击,8,2,90,10,100,0,10,2,1,100,"以雷电般的动作
戏耍对手的同时使出脚踢。
可降低对手的防御。"
824,glacial-lance,雪矛,8,15,120,5,100,0,11,2,1,,"向对手投掷
掀起暴风雪的冰矛进行攻击。"
825,astral-barrage,星碎,8,8,120,5,100,0,11,3,1,,"用大量的小灵体向
对手发起攻击。"
826,eerie-spell,诡异咒语,8,14,80,5,100,0,10,3,1,,"用强大的精神力量攻击。
让对手最后使用的招式
减少３ＰＰ。"
827,dire-claw,,8,4,80,15,100,0,10,2,,,
828,psyshield-bash,,8,14,70,10,90,0,10,2,,,
829,power-shift,,8,1,0,10,,0,7,1,,,
830,stone-axe,,8,6,65,15,90,0,10,2,,,
831,springtide-storm,,8,18,100,5,80,0,11,3,,,
832,mystical-power,,8,14,70,10,90,0,10,3,,,
833,raging-fury,,8,10,120,10,100,0,8,2,,,
834,wave-crash,,8,11,120,10,100,0,10,2,,,
835,chloroblast,,8,12,150,5,95,0,10,3,,,
836,mountain-gale,,8,15,100,10,85,0,10,2,,,
837,victory-dance,,8,2,0,10,,0,7,1,,,
838,headlong-rush,,8,5,120,5,100,0,10,2,,,
839,barb-barrage,,8,4,60,10,100,0,10,2,,,
840,esper-wing,,8,14,80,10,100,0,10,3,,,
841,bitter-malice,,8,8,75,10,100,0,10,3,,,
842,shelter,,8,9,0,10,,0,7,1,,,
843,triple-arrows,,8,2,90,10,100,0,10,2,,,
844,infernal-parade,,8,8,60,15,100,0,10,3,,,
845,ceaseless-edge,,8,17,65,15,90,0,10,2,,,
846,bleakwind-storm,,8,3,100,10,80,0,11,3,,,
847,wildbolt-storm,,8,13,100,10,80,0,11,3,,,
848,sandsear-storm,,8,5,100,10,80,0,11,3,,,
849,lunar-blessing,,8,14,0,5,,0,15,1,,,
850,take-heart,,8,14,0,10,,0,15,1,,,
851,tera-blast,,9,1,80,10,100,0,10,3,,,
852,silk-trap,,9,7,0,10,,4,7,1,,,
853,axe-kick,,9,2,120,10,90,0,10,2,,,
854,last-respects,,9,8,50,10,100,0,10,2,,,
855,lumina-crash,,9,14,80,10,100,0,10,3,,,
856,order-up,,9,16,80,10,100,0,10,2,,,
857,jet-punch,,9,11,60,15,100,1,10,2,,,
858,spicy-extract,,9,12,0,15,,0,10,1,,,
859,spin-out,,9,9,100,5,100,0,10,2,,,
860,population-bomb,,9,1,20,10,90,0,10,2,,,
861,ice-spinner,,9,15,80,15,100,0,10,2,,,
862,glaive-rush,,9,16,120,5,100,0,10,2,,,
863,revival-blessing,,9,1,0,1,,0,16,1,,,
864,salt-cure,,9,6,40,15,100,0,10,2,,,
865,triple-dive,,9,11,30,10,95,0,10,2,,,
866,mortal-spin,,9,4,30,15,100,0,11,2,,,
867,doodle,,9,1,0,10,100,0,10,1,,,
868,fillet-away,,9,1,0,10,,0,7,1,,,
869,kowtow-cleave,,9,17,85,10,,0,10,2,,,
870,flower-trick,,9,12,70,10,,0,10,2,,,
871,torch-song,,9,10,80,10,100,0,10,3,,,
872,aqua-step,,9,11,80,10,100,0,10,2,,,
873,raging-bull,,9,1,90,10,100,0,10,2,,,
874,make-it-rain,,9,9,120,5,100,0,11,3,,,
875,psyblade,精神剑,9,14,80,15,100,0,10,2,,,
876,hydro-steam,水蒸气,9,11,80,15,100,0,10,3,,,
877,ruination,,9,17,1,10,90,0,10,3,,,
878,collision-course,,9,2,100,5,100,0,10,2,,,
879,electro-drift,,9,13,100,5,100,0,10,3,,,
880,shed-tail,,9,1,0,10,,0,7,1,,,
881,chilly-reception,,9,15,0,10,,0,12,1,,,
882,tidy-up,,9,1,0,10,,0,7,1,,,
883,snowscape,,9,15,0,10,,0,12,1,,,
884,pounce,,9,7,50,20,100,0,10,2,,,
885,trailblaze,,9,12,50,20,100,0,10,2,,,
886,chilling-water,,9,11,50,20,100,0,10,3,,,
887,hyper-drill,,9,1,100,5,100,0,10,2,,,
888,twin-beam,,9,14,40,10,100,0,10,3,,,
889,rage-fist,,9,8,50,10,100,0,10,2,,,
890,armor-cannon,,9,10,120,5,100,0,10,3,,,
891,bitter-blade,,9,10,90,10,100,0,10,2,,,
892,double-shock,,9,13,120,5,100,0,10,2,,,
893,gigaton-hammer,,9,9,160,5,100,0,10,2,,,
894,comeuppance,,9,17,1,10,100,0,1,2,,,
895,aqua-cutter,,9,11,70,20,100,0,10,2,,,
896,blazing-torque,,9,10,80,10,100,0,10,2,,,
897,wicked-torque,,9,17,80,10,100,0,10,2,,,
898,noxious-torque,,9,4,100,10,100,0,10,2,,,
899,combat-torque,,9,2,100,10,100,0,10,2,,,
900,magical-torque,,9,18,100,10,100,0,10,2,,,
901,blood-moon,,9,1,140,5,100,0,10,3,,,
902,matcha-gotcha,,9,12,80,15,90,0,10,3,,,
903,syrup-bomb,,9,12,60,10,85,0,10,3,,,
904,ivy-cudgel,,9,12,100,10,100,0,10,2,,,
905,electro-shot,电光束,9,13,130,10,100,0,10,3,,,
906,tera-starstorm,晶光星群,9,1,120,5,100,0,11,3,,,
907,fickle-beam,随机光,9,16,80,5,100,0,10,3,,,
908,burning-bulwark,火焰守护,9,10,0,10,0,4,7,1,,,
909,thunderclap,迅雷,9,13,70,5,100,1,10,3,,,
910,mighty-cleave,强刃攻击,9,6,95,5,100,0,10,2,,,
911,tachyon-cutter,迅子利刃,9,9,50,10,0,0,10,3,,,
912,hard-press,硬压,9,9,0,10,100,0,10,2,,,
913,dragon-cheer,龙声鼓舞,9,16,0,15,0,0,15,1,,,
914,alluring-voice,魅诱之声,9,18,80,10,100,0,10,3,,,
915,temper-flare,豁出去,9,10,75,10,100,0,10,2,,,
916,supercell-slam,闪电强袭,9,13,100,15,95,0,10,2,,,
917,psychic-noise,精神噪音,9,14,75,10,100,0,10,3,,,
918,upper-hand,快手还击,9,2,65,15,100,3,10,2,,,
919,malignant-chain,邪毒锁链,9,4,100,5,100,0,10,3,,,
10001,shadow-rush,,3,10002,55,,100,0,10,2,10001,,
10002,shadow-blast,,3,10002,80,,100,0,10,2,44,,
10003,shadow-blitz,,3,10002,40,,100,0,10,2,1,,
10004,shadow-bolt,,3,10002,75,,100,0,10,3,7,10,
10005,shadow-break,,3,10002,75,,100,0,10,2,1,,
10006,shadow-chill,,3,10002,75,,100,0,10,3,6,10,
10007,shadow-end,,3,10002,120,,60,0,10,2,10002,,
10008,shadow-fire,,3,10002,75,,100,0,10,3,5,10,
10009,shadow-rave,,3,10002,70,,100,0,6,3,1,,
10010,shadow-storm,,3,10002,95,,100,0,6,3,1,,
10011,shadow-wave,,3,10002,50,,100,0,6,3,1,,
10012,shadow-down,,3,10002,,,100,0,6,1,60,,
10013,shadow-half,,3,10002,,,100,0,12,3,10003,,
10014,shadow-hold,,3,10002,,,,0,6,1,107,,
10015,shadow-mist,,3,10002,,,100,0,6,1,10004,,
10016,shadow-panic,,3,10002,,,90,0,6,1,50,,
10017,shadow-shed,,3,10002,,,,0,12,1,10005,,
10018,shadow-sky,,3,10002,,,,0,12,1,10006,,
